-- MariaDB dump 10.17  Distrib 10.4.15-MariaDB, for Linux (x86_64)
--
-- Host: mysql.hostinger.ro    Database: u574849695_24
-- ------------------------------------------------------
-- Server version	10.4.15-MariaDB-cll-lve

/*!40101 SET @OLD_CHARACTER_SET_CLIENT=@@CHARACTER_SET_CLIENT */;
/*!40101 SET @OLD_CHARACTER_SET_RESULTS=@@CHARACTER_SET_RESULTS */;
/*!40101 SET @OLD_COLLATION_CONNECTION=@@COLLATION_CONNECTION */;
/*!40101 SET NAMES utf8mb4 */;
/*!40103 SET @OLD_TIME_ZONE=@@TIME_ZONE */;
/*!40103 SET TIME_ZONE='+00:00' */;
/*!40014 SET @OLD_UNIQUE_CHECKS=@@UNIQUE_CHECKS, UNIQUE_CHECKS=0 */;
/*!40014 SET @OLD_FOREIGN_KEY_CHECKS=@@FOREIGN_KEY_CHECKS, FOREIGN_KEY_CHECKS=0 */;
/*!40101 SET @OLD_SQL_MODE=@@SQL_MODE, SQL_MODE='NO_AUTO_VALUE_ON_ZERO' */;
/*!40111 SET @OLD_SQL_NOTES=@@SQL_NOTES, SQL_NOTES=0 */;

--
-- Table structure for table `categories`
--

DROP TABLE IF EXISTS `categories`;
/*!40101 SET @saved_cs_client     = @@character_set_client */;
/*!40101 SET character_set_client = utf8 */;
CREATE TABLE `categories` (
  `category_id` int(11) NOT NULL AUTO_INCREMENT,
  `name` varchar(45) COLLATE utf8mb4_unicode_ci NOT NULL,
  PRIMARY KEY (`category_id`)
) ENGINE=InnoDB AUTO_INCREMENT=31 DEFAULT CHARSET=utf8mb4 COLLATE=utf8mb4_unicode_ci;
/*!40101 SET character_set_client = @saved_cs_client */;

--
-- Dumping data for table `categories`
--

LOCK TABLES `categories` WRITE;
/*!40000 ALTER TABLE `categories` DISABLE KEYS */;
INSERT INTO `categories` VALUES (1,'quia'),(2,'quos'),(3,'commodi'),(4,'distinctio'),(5,'rerum'),(6,'qui'),(7,'sunt'),(8,'omnis'),(9,'ut'),(10,'quisquam'),(11,'et'),(12,'optio'),(13,'iste'),(14,'nulla'),(15,'sapiente'),(16,'quam'),(17,'pariatur'),(18,'tempora'),(19,'laboriosam'),(20,'similique'),(21,'architecto'),(22,'dolores'),(23,'nam'),(24,'et'),(25,'qui'),(26,'id'),(27,'reprehenderit'),(28,'est'),(29,'non'),(30,'quo');
/*!40000 ALTER TABLE `categories` ENABLE KEYS */;
UNLOCK TABLES;

--
-- Table structure for table `media`
--

DROP TABLE IF EXISTS `media`;
/*!40101 SET @saved_cs_client     = @@character_set_client */;
/*!40101 SET character_set_client = utf8 */;
CREATE TABLE `media` (
  `media_id` int(11) NOT NULL AUTO_INCREMENT,
  `media_path` varchar(256) COLLATE utf8mb4_unicode_ci NOT NULL,
  `products_id` int(11) NOT NULL,
  PRIMARY KEY (`media_id`),
  KEY `fk_media_products1_idx` (`products_id`),
  CONSTRAINT `fk_media_products1` FOREIGN KEY (`products_id`) REFERENCES `products` (`product_id`)
) ENGINE=InnoDB AUTO_INCREMENT=501 DEFAULT CHARSET=utf8mb4 COLLATE=utf8mb4_unicode_ci;
/*!40101 SET character_set_client = @saved_cs_client */;

--
-- Dumping data for table `media`
--

LOCK TABLES `media` WRITE;
/*!40000 ALTER TABLE `media` DISABLE KEYS */;
INSERT INTO `media` VALUES (1,'application/x-install-instructions',111),(2,'image/x-pict',257),(3,'video/mj2',42),(4,'application/vnd.kenameaapp',244),(5,'application/java-vm',226),(6,'video/webm',172),(7,'application/vnd.rn-realmedia',71),(8,'application/omdoc+xml',96),(9,'application/vnd.rn-realmedia-vbr',171),(10,'application/vnd.realvnc.bed',97),(11,'text/cache-manifest',101),(12,'application/x-freearc',156),(13,'application/mp4',57),(14,'video/vnd.uvvu.mp4',70),(15,'text/x-java-source',233),(16,'video/x-f4v',196),(17,'video/vnd.dece.video',51),(18,'application/widget',159),(19,'application/vnd.ms-cab-compressed',232),(20,'application/vnd.musician',171),(21,'application/vnd.epson.salt',234),(22,'audio/x-pn-realaudio-plugin',140),(23,'application/vnd.ufdl',214),(24,'application/x-x509-ca-cert',265),(25,'application/vnd.ms-wpl',24),(26,'application/vnd.openxmlformats-officedocument.spreadsheetml.sheet',291),(27,'application/xhtml+xml',4),(28,'application/x-silverlight-app',224),(29,'application/vnd.ms-excel.sheet.macroenabled.12',51),(30,'image/x-portable-anymap',82),(31,'application/vnd.ms-wpl',79),(32,'application/vnd.oasis.opendocument.presentation-template',162),(33,'application/vnd.mseq',38),(34,'application/vnd.oasis.opendocument.formula-template',121),(35,'application/x-mscardfile',105),(36,'audio/vnd.rip',264),(37,'text/x-fortran',293),(38,'audio/x-pn-realaudio',176),(39,'application/vnd.mseq',59),(40,'application/vnd.ms-wpl',163),(41,'image/vnd.dvb.subtitle',273),(42,'application/xml-dtd',159),(43,'application/xproc+xml',19),(44,'application/vnd.dreamfactory',29),(45,'application/vnd.sun.xml.impress.template',229),(46,'application/vnd.openxmlformats-officedocument.spreadsheetml.template',251),(47,'application/vnd.dece.unspecified',224),(48,'text/vnd.fmi.flexstor',280),(49,'application/vnd.oasis.opendocument.formula',109),(50,'image/ktx',156),(51,'image/png',150),(52,'application/pgp-encrypted',43),(53,'application/vnd.llamagraphics.life-balance.exchange+xml',296),(54,'application/x-research-info-systems',64),(55,'application/vnd.ms-powerpoint.slideshow.macroenabled.12',8),(56,'image/vnd.fastbidsheet',20),(57,'application/widget',55),(58,'image/vnd.djvu',11),(59,'application/javascript',243),(60,'application/x-hdf',106),(61,'video/x-fli',93),(62,'application/vnd.oasis.opendocument.spreadsheet-template',22),(63,'text/sgml',267),(64,'application/vnd.openofficeorg.extension',131),(65,'application/pgp-encrypted',143),(66,'image/x-xbitmap',72),(67,'model/vnd.gtw',94),(68,'application/x-cfs-compressed',135),(69,'text/prs.lines.tag',248),(70,'application/x-hdf',152),(71,'video/x-ms-wvx',298),(72,'application/x-ms-application',220),(73,'application/javascript',11),(74,'application/vnd.iccprofile',16),(75,'text/css',248),(76,'text/turtle',240),(77,'application/x-chess-pgn',266),(78,'application/x-conference',172),(79,'application/vnd.tmobile-livetv',219),(80,'text/x-opml',75),(81,'application/vnd.mozilla.xul+xml',27),(82,'application/x-font-woff',69),(83,'application/vnd.oasis.opendocument.database',118),(84,'application/vnd.openxmlformats-officedocument.wordprocessingml.template',23),(85,'application/x-chat',133),(86,'image/x-portable-anymap',125),(87,'application/vnd.wqd',42),(88,'video/ogg',187),(89,'application/vnd.oasis.opendocument.image-template',136),(90,'application/vnd.oasis.opendocument.chart',285),(91,'application/x-msmetafile',292),(92,'application/x-chess-pgn',228),(93,'text/x-nfo',6),(94,'message/rfc822',259),(95,'application/x-zmachine',59),(96,'application/vnd.ezpix-package',148),(97,'video/mp4',30),(98,'application/vnd.openxmlformats-officedocument.wordprocessingml.document',152),(99,'text/vcard',283),(100,'application/vnd.dece.zip',277),(101,'application/vnd.wordperfect',4),(102,'application/vnd.llamagraphics.life-balance.exchange+xml',280),(103,'application/x-mobipocket-ebook',196),(104,'text/tab-separated-values',15),(105,'application/vnd.sun.xml.writer',296),(106,'application/vnd.stepmania.stepchart',144),(107,'text/tab-separated-values',254),(108,'text/vnd.curl.mcurl',261),(109,'text/x-fortran',15),(110,'application/vnd.ms-officetheme',172),(111,'text/vnd.graphviz',36),(112,'application/vnd.xfdl',42),(113,'text/x-sfv',240),(114,'application/mets+xml',153),(115,'application/vnd.wqd',64),(116,'image/vnd.fst',72),(117,'text/troff',277),(118,'application/vnd.dece.ttml+xml',106),(119,'image/x-icon',259),(120,'application/x-silverlight-app',112),(121,'model/vnd.gdl',90),(122,'application/vnd.openxmlformats-officedocument.wordprocessingml.template',251),(123,'application/octet-stream',40),(124,'audio/x-pn-realaudio',96),(125,'application/octet-stream',209),(126,'application/vnd.sun.xml.math',98),(127,'application/x-silverlight-app',243),(128,'application/vnd.sun.xml.writer',239),(129,'application/vnd.sus-calendar',249),(130,'application/x-chat',226),(131,'application/vnd.ms-powerpoint.addin.macroenabled.12',216),(132,'application/vnd.las.las+xml',253),(133,'application/x-tcl',206),(134,'application/vnd.shana.informed.interchange',112),(135,'text/x-nfo',267),(136,'application/vnd.kde.kword',201),(137,'text/vnd.wap.wml',255),(138,'audio/x-caf',220),(139,'application/vnd.kde.kontour',161),(140,'audio/x-pn-realaudio-plugin',270),(141,'video/vnd.mpegurl',91),(142,'application/pls+xml',196),(143,'application/x-cfs-compressed',11),(144,'application/vnd.dolby.mlp',31),(145,'application/vnd.ms-word.document.macroenabled.12',49),(146,'image/gif',75),(147,'video/vnd.dece.sd',102),(148,'text/vnd.curl.dcurl',25),(149,'model/vnd.collada+xml',180),(150,'image/ktx',60),(151,'image/x-cmx',137),(152,'application/x-cfs-compressed',269),(153,'application/vnd.ms-excel',11),(154,'application/x-xfig',176),(155,'video/x-fli',64),(156,'application/vnd.ms-word.template.macroenabled.12',219),(157,'model/vrml',273),(158,'application/x-sv4crc',7),(159,'application/x-freearc',158),(160,'application/vnd.unity',222),(161,'application/emma+xml',232),(162,'application/octet-stream',73),(163,'application/vnd.igloader',174),(164,'application/vnd.dece.data',137),(165,'application/x-latex',185),(166,'application/postscript',140),(167,'application/vnd.kde.kpresenter',38),(168,'application/vnd.fluxtime.clip',139),(169,'application/vnd.vsf',60),(170,'video/h264',199),(171,'application/vnd.kde.kivio',108),(172,'text/vnd.wap.wmlscript',150),(173,'video/vnd.dece.hd',95),(174,'video/vnd.vivo',119),(175,'application/vnd.epson.msf',180),(176,'text/vnd.curl.dcurl',143),(177,'image/jpeg',193),(178,'application/vnd.kenameaapp',282),(179,'application/wspolicy+xml',167),(180,'application/vnd.ms-powerpoint.presentation.macroenabled.12',72),(181,'application/x-shar',42),(182,'text/x-opml',4),(183,'video/x-flv',41),(184,'image/vnd.ms-photo',52),(185,'application/vnd.oasis.opendocument.spreadsheet',179),(186,'video/jpm',104),(187,'application/vnd.fdf',271),(188,'application/x-tcl',151),(189,'application/x-ms-wmd',111),(190,'application/mp4',129),(191,'application/x-ms-wmd',73),(192,'application/x-t3vm-image',42),(193,'application/vnd.shana.informed.package',201),(194,'application/octet-stream',246),(195,'application/wspolicy+xml',179),(196,'application/vnd.uiq.theme',86),(197,'text/vnd.fmi.flexstor',86),(198,'application/vnd.ms-word.template.macroenabled.12',217),(199,'application/vnd.ms-fontobject',224),(200,'application/vnd.pvi.ptid1',145),(201,'application/vnd.oasis.opendocument.chart-template',115),(202,'application/voicexml+xml',32),(203,'application/vnd.data-vision.rdz',295),(204,'application/vnd.wt.stf',209),(205,'application/x-shar',151),(206,'application/vnd.oasis.opendocument.presentation-template',175),(207,'application/xenc+xml',51),(208,'text/x-vcard',43),(209,'application/vnd.wt.stf',156),(210,'application/vnd.symbian.install',218),(211,'application/xspf+xml',115),(212,'text/x-asm',198),(213,'application/x-ms-wmz',221),(214,'application/vnd.sun.xml.calc',155),(215,'application/vnd.vcx',250),(216,'application/x-chess-pgn',99),(217,'application/x-msmetafile',259),(218,'video/x-ms-wmv',220),(219,'application/pdf',250),(220,'application/x-tex-tfm',69),(221,'application/vnd.syncml.dm+wbxml',48),(222,'application/xml-dtd',22),(223,'text/vnd.fly',111),(224,'application/vnd.epson.quickanime',249),(225,'image/x-portable-anymap',268),(226,'application/x-xliff+xml',290),(227,'text/vnd.curl.scurl',34),(228,'application/x-mscardfile',53),(229,'application/vnd.ms-htmlhelp',206),(230,'video/jpm',258),(231,'application/vnd.sun.xml.writer',197),(232,'application/vnd.ezpix-album',20),(233,'audio/webm',290),(234,'text/vnd.fmi.flexstor',191),(235,'application/wsdl+xml',229),(236,'application/vnd.ezpix-album',141),(237,'text/prs.lines.tag',65),(238,'application/vnd.las.las+xml',279),(239,'application/vnd.hal+xml',184),(240,'application/vnd.mozilla.xul+xml',221),(241,'application/x-chat',197),(242,'image/bmp',298),(243,'application/vnd.rig.cryptonote',118),(244,'application/vnd.kde.kontour',117),(245,'video/mp4',153),(246,'text/vnd.curl',68),(247,'application/vnd.epson.msf',216),(248,'application/vnd.shana.informed.package',112),(249,'application/vnd.fdsn.seed',288),(250,'application/vnd.dece.data',166),(251,'text/x-asm',180),(252,'image/vnd.xiff',36),(253,'application/pskc+xml',188),(254,'application/vnd.kenameaapp',291),(255,'application/vnd.openxmlformats-officedocument.wordprocessingml.document',285),(256,'text/richtext',155),(257,'application/vnd.openxmlformats-officedocument.presentationml.slide',280),(258,'image/vnd.dxf',18),(259,'application/lost+xml',207),(260,'application/vnd.oasis.opendocument.image',185),(261,'application/vnd.enliven',276),(262,'application/x-tex',104),(263,'image/webp',205),(264,'video/vnd.vivo',266),(265,'text/uri-list',295),(266,'application/vnd.rn-realmedia',133),(267,'video/x-ms-vob',106),(268,'video/x-ms-wvx',60),(269,'application/vnd.openxmlformats-officedocument.wordprocessingml.document',112),(270,'application/rss+xml',289),(271,'application/vnd.dynageo',280),(272,'application/vnd.ms-powerpoint.template.macroenabled.12',8),(273,'application/x-wais-source',287),(274,'image/x-xbitmap',98),(275,'application/vnd.pvi.ptid1',125),(276,'text/vcard',139),(277,'application/java-archive',166),(278,'application/vnd.uoml+xml',41),(279,'application/wspolicy+xml',251),(280,'audio/adpcm',153),(281,'application/vnd.ibm.minipay',206),(282,'text/vnd.curl',130),(283,'application/yin+xml',188),(284,'application/vnd.sun.xml.calc',94),(285,'application/vnd.wap.wmlc',120),(286,'application/vnd.oasis.opendocument.presentation',172),(287,'application/vnd.oasis.opendocument.text-web',248),(288,'application/vnd.flographit',100),(289,'video/x-mng',190),(290,'application/pskc+xml',155),(291,'application/x-x509-ca-cert',285),(292,'application/x-stuffit',166),(293,'application/x-shar',259),(294,'audio/xm',189),(295,'text/vnd.curl',131),(296,'video/x-ms-wm',253),(297,'application/vnd.ms-officetheme',22),(298,'application/vnd.iccprofile',237),(299,'application/vnd.sun.xml.calc',12),(300,'text/uri-list',134),(301,'application/vnd.oasis.opendocument.presentation-template',226),(302,'application/mathml+xml',292),(303,'video/vnd.dvb.file',142),(304,'video/vnd.uvvu.mp4',212),(305,'application/vnd.ms-project',90),(306,'application/vnd.oasis.opendocument.text-web',266),(307,'image/vnd.fujixerox.edmics-mmr',51),(308,'text/x-vcalendar',255),(309,'model/x3d+xml',7),(310,'image/cgm',1),(311,'application/vnd.wt.stf',107),(312,'image/vnd.dvb.subtitle',212),(313,'application/x-cpio',131),(314,'application/x-font-ttf',295),(315,'text/calendar',6),(316,'application/x-lzh-compressed',250),(317,'application/vnd.lotus-1-2-3',166),(318,'application/xcap-diff+xml',253),(319,'application/vnd.llamagraphics.life-balance.exchange+xml',50),(320,'text/x-nfo',55),(321,'application/x-wais-source',108),(322,'application/vnd.ms-pki.stl',34),(323,'application/mathml+xml',221),(324,'application/vnd.ms-word.template.macroenabled.12',66),(325,'application/x-font-woff',223),(326,'application/vnd.shana.informed.formtemplate',51),(327,'application/java-vm',19),(328,'application/vnd.ms-word.template.macroenabled.12',245),(329,'application/vnd.uiq.theme',288),(330,'application/vnd.kde.kformula',31),(331,'text/vnd.graphviz',78),(332,'application/vnd.ms-htmlhelp',213),(333,'application/x-chat',23),(334,'application/x-bittorrent',219),(335,'audio/x-flac',124),(336,'application/vnd.ezpix-package',112),(337,'text/x-nfo',185),(338,'application/xcap-diff+xml',175),(339,'video/vnd.dece.pd',67),(340,'application/java-vm',191),(341,'text/prs.lines.tag',175),(342,'application/vnd.syncml.dm+wbxml',174),(343,'application/vnd.dolby.mlp',103),(344,'application/vnd.recordare.musicxml',5),(345,'application/x-lzh-compressed',168),(346,'application/vnd.oasis.opendocument.graphics',108),(347,'application/vnd.sun.xml.impress',255),(348,'application/vnd.ms-artgalry',34),(349,'application/vnd.adobe.air-application-installer-package+zip',61),(350,'video/x-ms-wm',4),(351,'image/vnd.ms-modi',89),(352,'image/vnd.wap.wbmp',168),(353,'application/vnd.oasis.opendocument.chart-template',37),(354,'application/vnd.oasis.opendocument.text',9),(355,'video/x-mng',234),(356,'application/wspolicy+xml',260),(357,'audio/x-pn-realaudio',60),(358,'application/vnd.openxmlformats-officedocument.presentationml.slide',252),(359,'text/vnd.graphviz',204),(360,'application/vnd.openxmlformats-officedocument.wordprocessingml.template',47),(361,'image/jpeg',283),(362,'text/sgml',281),(363,'application/vnd.route66.link66+xml',259),(364,'image/vnd.adobe.photoshop',5),(365,'application/vnd.sun.xml.writer',200),(366,'text/vnd.curl.mcurl',83),(367,'application/jsonml+json',116),(368,'application/vnd.dart',84),(369,'model/vnd.dwf',257),(370,'application/x-cpio',183),(371,'application/vnd.epson.quickanime',274),(372,'text/sgml',132),(373,'application/x-msdownload',56),(374,'application/vnd.openxmlformats-officedocument.wordprocessingml.template',76),(375,'video/vnd.dvb.file',136),(376,'audio/x-pn-realaudio-plugin',224),(377,'application/vnd.syncml+xml',184),(378,'application/x-cfs-compressed',91),(379,'application/x-gca-compressed',258),(380,'application/atom+xml',244),(381,'application/vnd.dna',94),(382,'application/pgp-encrypted',46),(383,'application/x-bzip',112),(384,'application/vnd.trueapp',131),(385,'video/vnd.uvvu.mp4',54),(386,'application/vnd.kinar',45),(387,'image/x-freehand',90),(388,'application/vnd.flographit',114),(389,'audio/x-aac',297),(390,'application/mods+xml',293),(391,'application/vnd.oasis.opendocument.chart',160),(392,'application/vnd.oasis.opendocument.image',279),(393,'application/vnd.oasis.opendocument.spreadsheet-template',274),(394,'application/vnd.oasis.opendocument.spreadsheet-template',119),(395,'application/vnd.openxmlformats-officedocument.spreadsheetml.template',283),(396,'application/vnd.ms-works',173),(397,'application/vnd.ds-keypoint',201),(398,'text/vnd.fly',99),(399,'application/octet-stream',257),(400,'image/png',158),(401,'image/png',282),(402,'application/vnd.wt.stf',231),(403,'video/vnd.uvvu.mp4',289),(404,'video/mpeg',38),(405,'image/x-rgb',7),(406,'application/pkixcmp',124),(407,'application/x-stuffitx',261),(408,'application/x-stuffit',190),(409,'text/html',214),(410,'audio/x-caf',218),(411,'application/x-lzh-compressed',134),(412,'video/x-fli',8),(413,'application/postscript',264),(414,'image/ief',245),(415,'application/octet-stream',138),(416,'application/omdoc+xml',17),(417,'application/vnd.sun.xml.writer',290),(418,'application/ogg',228),(419,'application/x-install-instructions',130),(420,'video/vnd.dece.hd',286),(421,'application/vnd.recordare.musicxml+xml',221),(422,'application/vnd.openxmlformats-officedocument.spreadsheetml.sheet',290),(423,'video/vnd.dece.video',265),(424,'video/vnd.ms-playready.media.pyv',194),(425,'application/x-7z-compressed',108),(426,'video/h264',248),(427,'video/vnd.fvt',67),(428,'application/x-mie',9),(429,'application/vnd.dart',47),(430,'application/msword',23),(431,'text/vnd.curl',166),(432,'application/x-sql',28),(433,'application/vnd.oasis.opendocument.graphics',253),(434,'application/vnd.oasis.opendocument.graphics-template',154),(435,'application/vnd.openofficeorg.extension',65),(436,'application/vnd.rn-realmedia-vbr',259),(437,'application/mets+xml',278),(438,'application/vnd.sun.xml.calc.template',26),(439,'application/vnd.dvb.ait',149),(440,'text/x-fortran',192),(441,'text/csv',243),(442,'text/x-pascal',282),(443,'text/vcard',199),(444,'video/x-sgi-movie',206),(445,'application/x-ms-application',226),(446,'video/x-ms-vob',37),(447,'application/x-mie',223),(448,'text/prs.lines.tag',215),(449,'application/vnd.oasis.opendocument.graphics',265),(450,'video/jpeg',53),(451,'application/vnd.lotus-organizer',201),(452,'application/vnd.epson.quickanime',185),(453,'application/wsdl+xml',43),(454,'image/ief',166),(455,'application/vnd.wt.stf',79),(456,'application/vnd.shana.informed.formtemplate',150),(457,'application/pkix-pkipath',113),(458,'application/x-blorb',145),(459,'model/x3d+vrml',158),(460,'application/vnd.kidspiration',159),(461,'application/vnd.shana.informed.package',168),(462,'application/xcap-diff+xml',23),(463,'text/sgml',187),(464,'application/mathml+xml',121),(465,'application/vnd.dynageo',177),(466,'application/x-font-ttf',251),(467,'application/vnd.dolby.mlp',80),(468,'image/vnd.fpx',154),(469,'application/lost+xml',276),(470,'application/x-xliff+xml',229),(471,'application/vnd.openxmlformats-officedocument.wordprocessingml.document',46),(472,'application/vnd.uiq.theme',219),(473,'image/x-cmu-raster',210),(474,'application/vnd.enliven',245),(475,'application/vnd.sun.xml.calc',125),(476,'audio/x-ms-wax',136),(477,'application/vnd.semd',281),(478,'text/html',48),(479,'application/x-msmediaview',50),(480,'video/x-ms-wmx',246),(481,'application/vnd.ms-excel.sheet.binary.macroenabled.12',100),(482,'application/vnd.iccprofile',251),(483,'text/vnd.graphviz',130),(484,'application/vnd.ms-wpl',142),(485,'application/xaml+xml',116),(486,'application/vnd.oasis.opendocument.image-template',209),(487,'text/x-vcalendar',292),(488,'application/pkix-pkipath',228),(489,'application/x-iso9660-image',54),(490,'application/vnd.wap.wbxml',150),(491,'application/vnd.oma.dd2+xml',87),(492,'image/x-xpixmap',221),(493,'text/vnd.wap.wmlscript',173),(494,'application/zip',273),(495,'application/vnd.ms-xpsdocument',42),(496,'application/pkixcmp',49),(497,'application/widget',224),(498,'application/x-ustar',122),(499,'application/x-msmetafile',203),(500,'application/vnd.oasis.opendocument.formula-template',200);
/*!40000 ALTER TABLE `media` ENABLE KEYS */;
UNLOCK TABLES;

--
-- Table structure for table `order_products`
--

DROP TABLE IF EXISTS `order_products`;
/*!40101 SET @saved_cs_client     = @@character_set_client */;
/*!40101 SET character_set_client = utf8 */;
CREATE TABLE `order_products` (
  `orders_id` int(11) NOT NULL,
  `products_id` int(11) NOT NULL,
  KEY `fk_order_products_orders1_idx` (`orders_id`),
  KEY `fk_order_products_products1_idx` (`products_id`),
  CONSTRAINT `fk_order_products_orders1` FOREIGN KEY (`orders_id`) REFERENCES `orders` (`order_id`),
  CONSTRAINT `fk_order_products_products1` FOREIGN KEY (`products_id`) REFERENCES `products` (`product_id`)
) ENGINE=InnoDB DEFAULT CHARSET=utf8mb4 COLLATE=utf8mb4_unicode_ci;
/*!40101 SET character_set_client = @saved_cs_client */;

--
-- Dumping data for table `order_products`
--

LOCK TABLES `order_products` WRITE;
/*!40000 ALTER TABLE `order_products` DISABLE KEYS */;
INSERT INTO `order_products` VALUES (24,272),(73,213),(79,191),(74,29),(66,117),(11,116),(90,106),(2,270),(100,180),(82,82),(6,55),(53,71),(10,68),(77,232),(10,217),(30,100),(63,7),(5,122),(66,233),(50,93),(17,183),(70,19),(96,214),(97,286),(31,233),(23,111),(96,225),(61,16),(98,110),(83,21),(9,36),(40,213),(14,132),(12,239),(22,185),(11,114),(23,240),(45,55),(52,121),(14,247),(18,107),(19,40),(11,238),(19,24),(16,2),(15,72),(13,164),(95,79),(99,20),(6,60),(68,49),(58,271),(97,6),(9,142),(42,66),(30,179),(58,145),(73,205),(28,274),(76,128),(92,273),(67,13),(46,185),(31,132),(68,109),(64,107),(53,65),(26,146),(24,103),(96,197),(56,75),(25,40),(74,294),(82,1),(90,172),(43,243),(48,29),(85,280),(71,46),(38,117),(52,4),(75,11),(23,1),(52,139),(35,142),(12,270),(73,110),(4,136),(35,254),(46,71),(42,265),(5,269),(98,268),(83,206),(5,60),(8,166),(21,246),(59,132),(82,32),(90,49),(58,4),(6,90),(38,28),(76,216),(94,62),(96,105),(9,299),(25,20),(89,21),(76,279),(27,248),(49,144),(65,20),(92,139),(18,244),(63,225),(83,205),(5,61),(78,240),(93,213),(1,263),(6,28),(88,91),(16,227),(37,272),(69,192),(73,50),(12,112),(24,9),(84,121),(84,138),(15,200),(14,59),(87,274),(100,236),(63,299),(66,204),(9,159),(98,72),(29,105),(15,291),(99,263),(14,30),(25,109),(13,25),(77,291),(54,274),(64,204),(11,149),(60,29),(29,64),(10,282),(89,53),(47,261),(42,226),(22,169),(73,61),(44,257),(31,205),(22,129),(77,294),(40,90),(89,9),(98,298),(53,171),(9,241),(79,55),(75,202),(36,64),(54,232),(97,227),(34,206),(96,231),(54,78),(45,227),(69,63),(74,25),(51,186),(11,146),(62,189),(6,211),(44,251),(89,53),(51,73),(39,14),(2,105),(81,104),(4,228),(12,172),(2,169),(33,210),(77,17),(78,84),(68,266),(77,87),(52,246),(100,285),(66,263),(13,49),(12,153),(21,39),(86,3),(48,267),(77,177),(46,235),(15,235),(49,276),(84,78),(20,155),(15,289),(81,199),(79,239),(61,131),(67,220),(60,235),(24,243),(92,29),(82,116),(99,176),(98,133),(37,36),(23,254),(4,19),(11,70),(58,75),(20,115),(91,292),(18,156),(41,253),(25,3),(63,146),(82,161),(59,190),(93,169),(22,268),(1,174),(2,69),(43,15),(30,159),(29,261),(78,142),(25,207),(45,127),(21,256),(27,137),(86,268),(95,203),(43,157),(31,104),(9,156),(24,27),(10,75),(32,157),(30,183),(6,174),(48,250),(5,218),(52,149),(15,218),(35,125),(18,63),(31,37),(89,219),(65,56),(8,218),(71,95),(82,241),(57,39),(33,259),(74,113),(44,64),(21,147),(94,218),(99,27),(46,100),(51,190),(54,242),(76,126),(54,118),(61,184),(12,93),(93,279),(12,147),(6,131),(35,238),(82,237),(1,6),(28,283),(75,78),(4,59),(59,160),(83,38),(34,174),(55,263),(97,45),(49,26),(46,124),(2,171),(91,21),(1,76);
/*!40000 ALTER TABLE `order_products` ENABLE KEYS */;
UNLOCK TABLES;

--
-- Table structure for table `orders`
--

DROP TABLE IF EXISTS `orders`;
/*!40101 SET @saved_cs_client     = @@character_set_client */;
/*!40101 SET character_set_client = utf8 */;
CREATE TABLE `orders` (
  `order_id` int(11) NOT NULL AUTO_INCREMENT,
  `users_id` int(11) NOT NULL,
  PRIMARY KEY (`order_id`),
  KEY `fk_orders_users1_idx` (`users_id`),
  CONSTRAINT `fk_orders_users1` FOREIGN KEY (`users_id`) REFERENCES `users` (`id`)
) ENGINE=InnoDB AUTO_INCREMENT=101 DEFAULT CHARSET=utf8mb4 COLLATE=utf8mb4_unicode_ci;
/*!40101 SET character_set_client = @saved_cs_client */;

--
-- Dumping data for table `orders`
--

LOCK TABLES `orders` WRITE;
/*!40000 ALTER TABLE `orders` DISABLE KEYS */;
INSERT INTO `orders` VALUES (33,1),(63,1),(99,1),(92,2),(10,4),(47,5),(83,5),(7,6),(24,6),(70,6),(100,6),(90,8),(43,9),(75,9),(37,12),(81,12),(89,12),(78,13),(32,14),(58,14),(98,15),(80,16),(6,20),(27,20),(77,20),(2,23),(28,23),(48,23),(67,23),(18,24),(57,26),(97,29),(85,30),(5,32),(36,32),(96,32),(76,35),(44,36),(14,38),(71,38),(87,39),(12,40),(17,40),(13,41),(91,42),(26,43),(94,43),(42,46),(56,47),(74,47),(82,48),(1,52),(8,52),(73,52),(88,55),(9,58),(65,58),(79,58),(11,63),(29,63),(15,65),(25,67),(62,67),(20,68),(16,69),(40,69),(68,69),(59,70),(4,73),(72,73),(46,74),(93,74),(30,78),(69,78),(53,81),(22,82),(54,83),(39,84),(45,84),(35,86),(66,87),(60,88),(52,89),(51,90),(61,91),(64,91),(34,92),(38,92),(84,92),(21,93),(23,93),(95,93),(55,94),(3,95),(19,95),(41,96),(49,97),(31,98),(50,99),(86,99);
/*!40000 ALTER TABLE `orders` ENABLE KEYS */;
UNLOCK TABLES;

--
-- Table structure for table `product_describe`
--

DROP TABLE IF EXISTS `product_describe`;
/*!40101 SET @saved_cs_client     = @@character_set_client */;
/*!40101 SET character_set_client = utf8 */;
CREATE TABLE `product_describe` (
  `description` text COLLATE utf8mb4_unicode_ci DEFAULT NULL,
  `equipment` mediumtext COLLATE utf8mb4_unicode_ci DEFAULT NULL,
  `products_id` int(11) NOT NULL,
  `sellers_id` int(11) DEFAULT NULL,
  `created_at` datetime DEFAULT current_timestamp(),
  UNIQUE KEY `products_id_UNIQUE` (`products_id`),
  KEY `fk_product_describe_products1_idx` (`products_id`),
  KEY `fk_product_describe_sellers1_idx` (`sellers_id`),
  CONSTRAINT `fk_product_describe_products1` FOREIGN KEY (`products_id`) REFERENCES `products` (`product_id`) ON DELETE CASCADE ON UPDATE CASCADE,
  CONSTRAINT `fk_product_describe_sellers1` FOREIGN KEY (`sellers_id`) REFERENCES `sellers` (`id`) ON DELETE SET NULL ON UPDATE CASCADE
) ENGINE=InnoDB DEFAULT CHARSET=utf8mb4 COLLATE=utf8mb4_unicode_ci;
/*!40101 SET character_set_client = @saved_cs_client */;

--
-- Dumping data for table `product_describe`
--

LOCK TABLES `product_describe` WRITE;
/*!40000 ALTER TABLE `product_describe` DISABLE KEYS */;
INSERT INTO `product_describe` VALUES ('Qui velit veniam non. Et saepe est et nihil velit quia quis. Architecto est architecto ut autem deserunt.','',1,15,'1984-07-03 15:59:08'),('','Temporibus minima dolore ut explicabo ut nulla similique voluptates.',2,35,'2015-04-29 09:52:18'),('Aut quaerat consequatur ipsam consectetur vero. Temporibus dignissimos sed sunt harum expedita error pariatur. Eaque dolor rerum consequatur aut sit officia perferendis quis. Nobis est dolorum possimus.','Distinctio sed earum consequatur eaque qui soluta harum voluptatem.',3,17,'1976-09-27 09:56:02'),('Omnis error ea a quia veniam vel nihil. Est cupiditate dolorem sit voluptatem deserunt non. Sit laborum eos vitae fuga ipsam et saepe. Iste explicabo voluptatem accusamus ipsam.','Error et et omnis vel facere esse.',4,37,'1978-04-23 04:43:58'),('','Praesentium non non sint numquam reiciendis voluptas dolore quaerat.',5,16,'1970-11-22 04:20:34'),('','',6,10,'1986-08-11 05:49:11'),('','Fugiat asperiores et qui deserunt temporibus accusamus aliquam.',7,33,'2016-11-26 20:18:20'),('','',8,5,'1999-12-20 14:38:36'),('','Aspernatur vel placeat voluptatem aut est.',9,28,'1973-04-04 21:04:36'),('','Et voluptates omnis similique vero beatae nemo.',10,22,'1996-01-17 02:08:58'),('','Aut earum ducimus asperiores qui aut quia.',11,22,'2006-10-03 08:49:03'),('Quas consectetur qui eum. Beatae enim a sunt tempora ut nisi numquam saepe. Nostrum repudiandae et et ut.','',12,23,'1992-10-22 14:19:42'),('Dicta commodi pariatur consequatur et nihil. Officiis tenetur hic sequi non distinctio sint. Qui laudantium ad dolores sequi.','Quia sint aperiam inventore sed nihil voluptas quo.',13,34,'2013-10-25 03:12:00'),('Id illo sint nulla. Nisi voluptatem voluptas eveniet voluptatem eos harum. Necessitatibus ut sequi et alias quia hic iste. Praesentium enim hic dolorem.','',14,25,'1971-05-18 19:27:29'),('Nemo tenetur labore impedit doloremque. Voluptate et qui dolor voluptate dicta cumque ducimus. Hic eum nulla voluptatem temporibus eligendi non.','',15,20,'1990-01-10 14:06:01'),('','',16,29,'2008-10-12 14:29:28'),('Velit vel soluta alias veritatis. Accusamus corrupti voluptatibus qui repellat qui hic odit. Esse qui voluptatem architecto sed. Hic id dolorem voluptas dolore officia.','',17,9,'2010-11-18 00:58:03'),('','',18,9,'1989-04-17 00:09:31'),('','Quia veritatis iste ut ab.',19,8,'2012-12-13 22:16:47'),('Dolorum eaque doloremque consequatur molestiae voluptatibus. Qui dolorem blanditiis aut. Cum deserunt reiciendis dolore cum quo ea. Et tempora modi rerum et quaerat sit a.','',20,7,'1980-03-02 00:11:15'),('Libero rem quaerat voluptas vel. Deserunt unde est delectus reprehenderit fuga. Ullam magni exercitationem provident et error magni. Doloribus iste assumenda laboriosam et magnam ut consequatur est.','Et aspernatur perspiciatis necessitatibus velit dolorem.',21,2,'1976-11-24 01:45:17'),('Ut incidunt ut illo beatae. Ex ut voluptates sit magni illum vel. Laborum asperiores error et voluptatem optio eius sit. Perspiciatis id nisi quidem consequatur hic. In voluptatem omnis iste consequuntur minima.','Aut odio consequuntur voluptates non mollitia.',22,31,'1977-03-12 05:57:09'),('Autem ut omnis autem aut ullam ea sed. Autem accusamus doloribus aut laboriosam quod nihil delectus est. Molestiae consequuntur consequatur eaque.','',23,7,'2015-07-07 13:50:40'),('','Quaerat quam sunt est omnis.',24,28,'2009-08-14 12:21:18'),('Laboriosam velit eum dignissimos repudiandae est. Fugiat nihil ad sit adipisci iste voluptas labore qui. Impedit aperiam mollitia nam consequuntur aut dicta soluta. Rerum deserunt ab placeat ea ea dicta omnis.','Nemo sed facere et eos qui vero.',25,4,'1990-06-20 01:00:16'),('','',26,31,'1976-12-04 02:27:48'),('','',27,27,'2008-12-24 00:57:47'),('Distinctio voluptas numquam atque quasi vel quod sit. Voluptatem et voluptate qui quis. Consequatur in molestias minus ab. Voluptate voluptas dolor repellendus consequatur.','Aliquam aliquam sit quis nam et reiciendis.',28,2,'1985-07-23 01:09:15'),('','Earum et cum molestiae fuga quas omnis.',29,28,'1970-07-04 15:05:27'),('Deleniti nihil omnis vel voluptatem saepe. Error et culpa aut doloribus. Ut veritatis asperiores qui dolorem quia.','',30,22,'2014-05-05 21:48:47'),('Temporibus harum ut aliquam asperiores pariatur quae rerum. Ratione ea voluptatem ducimus qui. Dolores et aut vero est et recusandae facilis. Quaerat omnis quia voluptatem eum maxime.','',31,17,'1992-04-25 07:27:11'),('','',32,2,'1986-07-10 11:06:03'),('Perspiciatis est aut facilis velit. Consectetur aut ab assumenda accusantium rerum. Et nostrum quibusdam nobis quis facere.','',33,16,'1974-06-04 13:43:00'),('','',34,33,'1992-05-06 14:50:08'),('','',35,39,'1993-11-14 07:25:58'),('','Soluta quisquam deleniti nostrum eius.',36,32,'1998-07-13 12:49:46'),('Error ex officia doloribus in. Velit iusto quaerat nisi rerum dolor. Dignissimos assumenda vel ratione recusandae. Nihil eveniet esse ea voluptatibus voluptas quis ut.','',37,2,'1996-02-14 23:42:49'),('Nesciunt et sunt quis. Ut molestias cupiditate excepturi quibusdam molestias voluptas quia. Possimus est occaecati quaerat nisi harum perferendis. Repellat labore impedit ut. Quam eum aut minus deleniti.','',38,31,'1990-01-17 10:49:08'),('Molestias esse quia nemo. Et velit neque cupiditate est ullam iste. Voluptatibus sed dolorem et enim laudantium quo.','',39,36,'2018-09-10 00:07:10'),('','',40,30,'2021-02-06 05:46:46'),('','',41,13,'1988-03-06 07:49:58'),('','',42,18,'1991-12-23 15:38:16'),('Ipsam aspernatur repellat qui aut. Nobis provident necessitatibus impedit consequuntur. Illum autem neque eum eaque dicta provident. Eum sed blanditiis rerum consequatur dicta.','',43,12,'2017-07-27 19:04:31'),('','Fuga autem dolore magni aut aut reprehenderit fugit.',44,6,'1970-06-04 23:16:52'),('','Quibusdam et dolore reiciendis qui sed.',45,3,'1982-01-23 00:04:07'),('','',46,32,'2017-03-06 07:31:39'),('Odit ipsam enim quis dolorem inventore earum temporibus quas. Eaque nihil quod ut praesentium et eligendi sequi. Id repellat consequuntur sit qui officiis eaque similique dolore. Est eveniet rerum ut. Saepe consequatur natus pariatur omnis tempora aspernatur non dolorem.','',47,34,'2005-09-15 13:58:49'),('In nesciunt inventore nemo in nobis ut minima. Delectus ratione quis minus distinctio sit alias molestias tenetur. Voluptas alias nobis recusandae debitis quo voluptatum sit reiciendis.','',48,11,'2004-10-17 12:25:24'),('Ullam vel exercitationem necessitatibus doloribus ad dolorem quo. Et aliquam voluptatum ea asperiores dignissimos debitis.','Et quia reiciendis at quibusdam.',49,40,'1991-04-08 18:19:25'),('Exercitationem eius asperiores inventore omnis blanditiis et quia. Temporibus sint magnam suscipit omnis quidem. Aut vitae quae fugiat labore quaerat vitae inventore ad.','',50,2,'2000-06-16 22:29:52'),('Consequatur et dolor provident facere. Ad id et quia. Veniam a harum totam enim est ut. Facilis inventore ut rem atque voluptate sit odit.','',51,18,'2021-02-18 23:31:43'),('Doloremque ea est sequi voluptatem ab voluptatum reiciendis. In dolorem aut et voluptatem sed. Earum cum suscipit nihil quasi veritatis expedita atque et.','',52,2,'1973-07-08 11:14:35'),('Quidem illum qui consequatur. Vel illum quae cum culpa consequatur ex. Dolorem ipsa et quae adipisci ea. Temporibus odio quibusdam sunt porro asperiores.','',53,32,'1995-01-22 04:49:57'),('Illum qui et aliquid non est qui. Ratione laudantium qui minima consequatur placeat libero. Tenetur earum fugit molestias inventore reprehenderit. Quisquam dolorem nesciunt est accusantium consequatur non.','',54,24,'1988-02-07 16:11:58'),('','Possimus qui fuga alias voluptates vel.',55,29,'1992-08-04 17:03:14'),('Maiores rerum aut minus tempora. Animi nesciunt et odit deserunt exercitationem aut rerum est. Provident consequatur officiis ea est. Ab temporibus ducimus quisquam neque velit ut ut est.','',56,36,'1978-06-09 14:38:46'),('','',57,15,'1972-03-06 02:00:46'),('','A debitis velit sed nihil doloribus.',58,16,'2017-07-17 22:11:09'),('Aut eius facilis fugit iste. Id a quo praesentium qui. Dolorum nisi molestias voluptatum impedit blanditiis aut quos ut.','Dolorem mollitia officia aliquid ut.',59,38,'1995-08-05 20:29:54'),('','Necessitatibus ipsum quam omnis et qui alias voluptatem.',60,2,'1988-03-05 00:00:13'),('Dolores sint soluta et occaecati necessitatibus rerum aut. Aut esse soluta ea libero molestias.','Officiis harum omnis impedit ipsam amet hic.',61,38,'2003-02-01 08:55:29'),('','',62,15,'1998-07-14 21:39:57'),('','',63,3,'1971-01-07 17:09:00'),('','',64,13,'1993-08-23 00:28:52'),('Ratione vitae odio ut expedita tenetur. Voluptatem quo animi quisquam consequatur ut. Dignissimos occaecati voluptatem dolorem repellat ad et minima.','Voluptatem hic praesentium sed qui praesentium molestias.',65,7,'1985-07-17 11:52:41'),('Autem quo ut et libero sint est iste. Voluptas cupiditate facilis nihil et ab quasi dolorem. Repudiandae vero minus aliquam praesentium nobis ipsa.','Ut quas corrupti autem eveniet.',66,1,'2009-03-29 13:08:01'),('Asperiores nostrum iste eaque et temporibus. Dolore delectus qui et cum saepe et. Voluptate magni necessitatibus ut tempore minima fugit.','',67,5,'1972-08-14 23:30:35'),('Architecto rerum et id vel a aperiam. Perspiciatis quia reprehenderit doloremque. Culpa quis qui perferendis provident. Nam enim natus sunt cumque neque non voluptatem.','Non omnis omnis delectus.',68,9,'1989-08-31 14:54:24'),('','',69,32,'1987-01-02 19:03:30'),('','',70,1,'1997-12-12 14:48:31'),('','',71,38,'2009-07-27 03:56:41'),('Est ipsam vel necessitatibus inventore nemo. Vero illum delectus quis id. Voluptatem placeat molestiae quo qui aperiam odio. Ducimus voluptatem et qui facere.','',72,4,'2007-06-05 11:11:08'),('','',73,18,'1971-05-29 13:39:58'),('Voluptas sit quis ullam et. Quaerat ratione ut facere molestiae. Dolores nihil voluptas harum pariatur facere molestiae unde.','Aspernatur et ut perspiciatis voluptas.',74,10,'2012-06-23 19:00:41'),('Soluta quisquam molestiae doloribus iusto dolorum. Modi inventore eos possimus consequuntur non sapiente error.','Unde beatae commodi voluptas dolorem minima eum.',75,10,'2008-04-10 16:18:59'),('','Corrupti aut sed dolorum laudantium ea qui.',76,20,'2006-04-29 01:54:18'),('','Temporibus asperiores corrupti corrupti dolorem non molestias a.',77,1,'2013-07-22 22:47:57'),('','',78,4,'2008-08-29 02:33:11'),('','',79,31,'2020-02-29 02:36:23'),('Voluptates perferendis cupiditate et reiciendis placeat ratione eligendi. Tempore sit nesciunt molestias illum voluptas. Sint delectus sed harum dicta voluptates.','Sunt ex pariatur minima iure eum sit.',80,1,'2002-02-15 19:47:22'),('','Porro repellendus aut numquam nulla ipsa aut.',81,5,'1989-05-23 17:56:36'),('','',82,8,'1990-10-10 02:23:23'),('','Omnis sapiente consequatur sunt dolor vel modi qui deserunt.',83,2,'2003-05-04 14:22:40'),('Nemo omnis iusto numquam. Quia laboriosam ratione dolores modi totam recusandae voluptatem. Recusandae possimus voluptas doloribus est. Laudantium quam voluptas repudiandae iure velit omnis.','Possimus tenetur nihil accusamus voluptatem tempore quasi.',84,37,'2000-06-08 00:52:37'),('','',85,32,'1983-07-27 19:56:00'),('Asperiores labore et est dolores alias. Laudantium consequatur consequatur necessitatibus dolorem eos a.','Dicta quo pariatur et aut.',86,30,'2018-10-11 09:39:55'),('Et et quidem earum modi ut. Sed eligendi dolorum laudantium. Ut quo eos minima laboriosam ea rerum aut. Voluptas qui odit sed exercitationem.','',87,32,'2007-12-29 11:45:57'),('Tempora aliquam fuga qui. Qui neque est sunt pariatur quia et. Molestiae qui eligendi ratione aut nobis. Repudiandae mollitia nihil maiores velit quos. Quia dolores qui qui sunt ipsa.','Dolores vitae id harum qui ullam dicta est optio.',88,6,'2017-02-06 10:43:48'),('','Nihil sunt eos architecto qui enim incidunt architecto.',89,6,'2008-03-09 13:07:59'),('','Expedita distinctio iusto saepe debitis voluptates ut pariatur et.',90,30,'1996-09-09 06:55:06'),('Alias cumque fugit unde nesciunt. Ducimus officiis placeat quod cupiditate debitis. Temporibus repudiandae quam repellendus aspernatur.','',91,8,'1978-07-26 19:44:09'),('Non et reiciendis repellendus nesciunt quisquam. Aperiam iste consequatur voluptatibus nesciunt. Voluptas beatae ipsam quisquam nobis eos voluptatem fugit eos.','',92,3,'1974-06-13 11:43:27'),('Officia quibusdam laudantium et at inventore consequatur. Non ea in sed voluptas. Vitae aut similique et deserunt facere ad sunt.','',93,4,'2001-03-23 06:42:54'),('Et nam ut laborum illum dolores blanditiis. Iste minus non et voluptatibus velit. Commodi perspiciatis perspiciatis architecto ut consequatur. Nisi veritatis laboriosam molestiae et fuga.','Deleniti enim doloremque dolor mollitia est quia.',94,11,'2001-10-21 09:52:42'),('','',95,16,'1977-09-07 19:58:40'),('','',96,11,'1988-06-21 12:55:37'),('Aut nihil praesentium praesentium cum cum et officia. Provident sint autem qui aliquid tempore. Nisi qui est minima dolores saepe ut.','',97,12,'1999-02-24 00:44:01'),('','',98,20,'2007-05-11 04:27:38'),('','',99,20,'1981-01-11 10:03:05'),('Delectus eligendi impedit odio qui rem. Commodi est maiores voluptas modi reprehenderit minus quo. Quis tenetur quae sit ut ex.','',100,3,'1993-06-15 16:32:00'),('','',101,20,'1996-05-29 00:45:27'),('','',102,17,'1986-02-25 10:37:52'),('Aliquam molestiae dolor debitis expedita. Expedita earum voluptatibus quia repellendus iure nesciunt sunt. Incidunt reprehenderit velit unde qui. Reprehenderit rerum ducimus ullam amet quis asperiores.','Ut minus ipsa quis asperiores.',103,7,'2012-08-21 08:59:27'),('Esse perferendis rem debitis. Voluptatum voluptates numquam eveniet voluptatem. Enim est possimus qui id rem. Voluptas ducimus sit laudantium dolor.','Quia et doloribus aut.',104,38,'1970-01-13 08:56:14'),('','',105,27,'1972-06-05 14:32:05'),('Quisquam nisi laborum corrupti assumenda exercitationem dolorum. Sapiente recusandae saepe commodi expedita doloremque est. Provident voluptatem et sequi dolorum temporibus fuga.','',106,16,'2002-06-13 16:24:01'),('','',107,18,'2020-05-20 17:41:45'),('Dolores vel cum autem qui quia sit. Pariatur aut natus qui veniam est exercitationem. Reprehenderit est rerum et magnam aliquam. Iure architecto a quasi non non iure.','Voluptatum temporibus atque suscipit quo.',108,28,'2016-06-01 20:42:05'),('Et et saepe voluptatum quisquam mollitia delectus quod quo. Totam quae doloribus ullam. Officia ipsa saepe eveniet labore enim perferendis quasi. Tempora culpa rerum sit nostrum aut dolores deleniti accusamus.','Eius deserunt adipisci quas autem et quo illum nulla.',109,20,'1987-09-23 08:03:43'),('','',110,9,'1985-09-07 16:12:17'),('Quam ut eaque molestias. Ab non voluptate voluptatem doloremque commodi. Sit qui et suscipit velit incidunt facere sed. Provident expedita perspiciatis omnis eum consequatur similique provident.','',111,28,'1985-05-22 15:44:14'),('Adipisci at exercitationem voluptatem modi aut. Occaecati quas dolorem inventore adipisci ducimus provident aut. Voluptatem dolore est ratione deleniti numquam eligendi atque.','Est cum mollitia laborum animi provident.',112,24,'1981-08-20 01:33:31'),('','',113,17,'1999-01-15 21:59:28'),('','',114,29,'2011-10-19 03:54:28'),('','',115,20,'1976-12-30 16:41:52'),('Nobis debitis saepe sint quis temporibus distinctio vel. Animi perspiciatis animi maiores ab eos consequatur rerum. Placeat perferendis quia ut. Voluptates autem aliquid tenetur sunt architecto.','Voluptatum vel nesciunt itaque libero qui occaecati.',116,8,'2009-05-31 09:47:17'),('','Delectus sint nihil corporis consectetur inventore cum vel.',117,19,'1990-11-11 00:40:32'),('','',118,12,'1990-08-07 06:52:38'),('Eum in ut accusamus at. Et ratione vero impedit veritatis iusto voluptatem. Facere quibusdam laborum odit aliquid.','Corrupti iusto est beatae dolor.',119,14,'1970-09-03 13:16:53'),('Nostrum sed soluta error enim et et sit vel. Omnis ab quidem placeat qui ex. Et perferendis quo minus veritatis eius. Velit et impedit non beatae sequi amet a.','',120,24,'1994-10-10 01:25:15'),('','Voluptate quia accusantium quis qui voluptate fugit.',121,2,'1987-10-18 09:09:09'),('Cupiditate magni temporibus atque temporibus ipsam delectus. Facilis voluptas beatae quia voluptatem ad. Consequuntur distinctio dolores voluptas ut eaque ducimus odit illum.','Harum repellat ab quos laudantium autem quidem.',122,21,'1979-12-23 02:20:12'),('Corrupti perspiciatis est et voluptas. Labore quia qui eius ut nisi accusamus.','',123,26,'1988-02-22 07:54:07'),('','Qui sunt ut itaque quo sed.',124,6,'1971-06-30 16:55:10'),('A dolorem doloremque quis voluptatibus vero corrupti laborum quidem. Et cum ut sit minus reprehenderit excepturi eum blanditiis. Voluptate consequatur ab voluptatem aut illum ratione.','',125,31,'1996-03-22 21:31:31'),('Sed sed magni accusamus quia dolores fugit qui. Pariatur consequatur facere rerum consequuntur veritatis quisquam dolor a.','Iusto cum laboriosam sapiente ipsa libero et architecto est.',126,1,'1972-04-18 13:43:29'),('','',127,16,'1970-07-15 14:52:30'),('Suscipit voluptatum doloremque tempora quaerat. Nisi et atque et ab eos in in. Aliquam rerum qui inventore quis cumque quia aut.','',128,2,'1984-05-01 14:38:11'),('','',129,21,'1990-12-12 12:34:55'),('Est nemo cum et minima aliquam officia. Sit eaque ea deserunt id. Neque ut saepe labore nemo rerum doloribus et. Accusantium sit rerum quia itaque.','',130,35,'1998-04-26 09:43:13'),('Nisi voluptatem odio amet. Quam enim modi corrupti consectetur. Consectetur modi qui suscipit id repellendus ut harum.','Atque ut omnis consequatur illo.',131,5,'2003-03-23 14:36:40'),('Est laudantium aut similique pariatur. Ipsum odit molestias cupiditate tempora qui. Laboriosam omnis dolorem sunt voluptatibus inventore repellendus possimus. Minus eius ex fuga quibusdam error. Aliquam fugiat est temporibus cum.','Maxime quia animi consequuntur.',132,40,'1991-03-19 03:29:50'),('','Placeat corrupti fugit illum nobis ea voluptatem.',133,12,'1984-09-27 09:10:35'),('','',134,11,'2019-03-28 17:41:10'),('Dolores enim qui sequi rerum quis enim. Consequatur nihil reprehenderit sequi vel quia.','',135,38,'1974-12-18 07:25:31'),('','',136,39,'2019-05-20 17:03:46'),('','',137,27,'1998-04-02 17:19:34'),('','Quas alias deserunt temporibus impedit cum eveniet.',138,15,'1984-07-18 19:33:51'),('','Ab veniam deserunt modi cupiditate reprehenderit aut sint.',139,26,'1973-11-21 23:37:59'),('Aspernatur rerum itaque repellendus ut animi. Ad corrupti accusantium et. Nobis beatae maxime optio sint dolores officia aut illum. Enim delectus eveniet labore labore dolore aut.','Hic velit molestiae voluptatem aut et.',140,7,'1977-03-01 01:14:16'),('','',141,24,'2010-06-30 11:43:11'),('Iusto eum rerum ea dolorem repellendus. Enim quasi est molestiae laborum. Quis omnis non illo eum.','',142,14,'2006-01-08 12:15:51'),('Et consequatur ut dolore qui. Blanditiis sunt aperiam veritatis aliquid vel. Maxime ut ipsam maiores minus. Voluptatem impedit voluptas repellat nisi porro non dolorem autem. Doloremque quod similique facilis necessitatibus.','Assumenda similique facilis quasi sapiente.',143,30,'1989-05-15 19:46:42'),('Voluptas illum quis corporis consequatur labore molestias non. Ipsam molestiae est id ex. Natus nihil quasi molestias.','Dolor est quos est necessitatibus deleniti vero.',144,40,'2014-05-11 20:32:41'),('','',145,2,'1991-04-20 20:40:13'),('Ad rerum quaerat aut nostrum et omnis tenetur perferendis. Aut in in eos non.','Libero tempora iste ex sed.',146,10,'1996-05-17 14:09:51'),('','',147,7,'1990-02-08 06:36:01'),('Esse quibusdam facere voluptas doloribus et. Deserunt non quis et deserunt rerum quia. Natus nemo dolor aut. Eveniet quod dolorum quia quia dicta dolores et.','',148,21,'1974-11-11 02:02:19'),('','Eveniet eveniet sint eum error dicta animi.',149,22,'1993-07-08 14:04:38'),('','Autem eligendi et tempora nobis blanditiis omnis deleniti.',150,20,'2010-08-12 15:07:30'),('','Doloremque quam esse minima.',151,4,'1970-07-17 23:28:14'),('Voluptate pariatur aut necessitatibus ab sed velit delectus. Voluptatum et rerum possimus. Dolores sint neque eveniet et optio. Laudantium ut esse corporis.','Accusamus dolorem harum unde earum molestiae.',152,23,'1980-08-17 09:38:42'),('','Molestiae mollitia enim voluptas sunt explicabo possimus qui.',153,1,'2020-01-12 13:56:36'),('Consequatur ratione quod facere magnam voluptatem rerum aliquam. Iusto consequatur autem molestias asperiores asperiores consequatur. Reiciendis quisquam quidem itaque ipsa assumenda tenetur eius.','',154,30,'1992-01-16 00:12:50'),('','',155,28,'1985-03-26 19:55:15'),('A velit nam quod dignissimos. Deserunt consequatur laudantium et ut ipsam sit aut. Dicta tempore ut provident beatae. Sequi unde exercitationem dolorum qui ipsam est est aut.','',156,31,'1974-01-04 08:00:44'),('','Libero et dolores aspernatur impedit est nulla optio.',157,31,'2005-05-30 17:37:01'),('','Commodi molestiae perferendis optio ratione autem tenetur.',158,4,'2014-08-19 23:22:32'),('','',159,33,'2017-11-27 00:33:07'),('Eum maxime et voluptas repellendus delectus consequuntur. Maxime dolorem magnam ullam omnis perspiciatis. Sint quia voluptas reiciendis ducimus. Sint perspiciatis itaque est deleniti facere. Doloremque impedit odit commodi numquam eligendi reiciendis.','',160,11,'1978-10-02 00:32:48'),('Facilis ad neque ullam non qui rerum sint eligendi. Sit asperiores et eveniet sit qui earum odit voluptatem. Reprehenderit fuga qui voluptatibus aut. Dolores enim in error et.','Sint nemo magnam similique aut est consequatur fugit quia.',161,38,'2004-03-24 12:47:38'),('Autem rerum amet corrupti ab. Non sed in quam qui voluptatem nihil molestiae. Explicabo ut est dolores enim eaque veritatis saepe.','',162,38,'2019-10-07 21:22:02'),('','',163,11,'1978-09-22 08:27:29'),('','',164,10,'2013-02-10 05:19:48'),('Qui soluta eos dicta cupiditate. Blanditiis amet placeat et incidunt velit nobis. Suscipit non rerum voluptas dolores est rem. Doloremque et libero officia labore est laudantium. Impedit delectus et fuga molestias adipisci dicta libero ipsa.','Nisi voluptates delectus nulla eaque possimus perspiciatis.',165,9,'1989-06-04 07:44:43'),('Dolores tempora doloribus molestiae quod fugiat. Sed dicta officia libero architecto et omnis.','',166,8,'1980-04-28 10:48:25'),('Quos tempora fuga animi libero. Dignissimos quam cum et officiis et vel et sunt. Dolorem accusamus nobis enim molestiae qui.','',167,8,'2017-11-07 15:45:50'),('','',168,36,'1986-06-19 02:11:47'),('Quia saepe minima atque harum in quo id. Maiores enim excepturi quis vero vel at. Eligendi reiciendis dolores sint eveniet.','',169,23,'1976-11-12 14:22:20'),('','',170,34,'2017-05-08 22:28:35'),('Autem consectetur fugiat pariatur porro consequatur dolores accusamus. Unde similique consequatur qui expedita sed. Et sit sint impedit dolorem facere et itaque. Autem beatae nesciunt ipsum. Ducimus occaecati sunt aut accusamus perspiciatis nam eaque.','Ipsa consequatur eligendi doloribus aut commodi sint est.',171,2,'2000-03-31 21:25:54'),('','Dolor sed unde quos omnis repellat rerum autem.',172,6,'1982-04-10 09:13:46'),('','',173,7,'2002-07-07 04:55:25'),('Voluptas aut non reprehenderit qui ut. Consectetur hic tenetur dolorem voluptates. Vel aperiam sunt placeat delectus assumenda sequi animi. Blanditiis nulla voluptas culpa ut enim aut. Distinctio doloremque repellat quia ut.','',174,31,'2005-07-19 08:32:28'),('','',175,5,'1988-04-16 21:45:44'),('Accusamus tempora accusantium dolorem aspernatur debitis quaerat. Voluptates doloribus eum eligendi molestiae quos in quos. Eveniet quo autem doloribus voluptate voluptas possimus. Consectetur ipsam alias facere eaque placeat quia.','Eos facere praesentium vero nisi est.',176,9,'1978-09-17 21:06:27'),('','Esse occaecati et quod ducimus dolorem.',177,1,'1996-05-09 05:38:56'),('','Modi rem a facilis veniam aliquam earum quaerat.',178,11,'2003-09-27 13:34:52'),('','',179,30,'1984-10-11 21:11:59'),('Eos neque doloremque eum non. Perferendis qui laudantium a amet necessitatibus quia quia enim. Adipisci architecto et reiciendis.','',180,22,'2005-11-22 18:09:13'),('Dignissimos fugiat quia at autem est qui et nemo. Aut quasi vel voluptates aliquid eveniet assumenda. Quae recusandae fugit et consequatur adipisci in. Et quo aut sequi quo voluptatum ipsum aut. Reprehenderit et tempora voluptas laboriosam facere illo.','',181,31,'1971-03-07 14:51:14'),('','',182,34,'2014-08-02 02:11:22'),('','Quas quisquam quo quia molestiae sapiente rerum ducimus.',183,5,'1993-01-28 17:13:54'),('Vitae illo consequatur qui dolores voluptas. Nisi provident maiores aut. Distinctio impedit numquam voluptatum repudiandae enim repudiandae. Occaecati voluptatem esse aut illum.','',184,32,'1999-11-17 04:12:58'),('Fugit aliquam et dignissimos facere. Explicabo facilis sapiente eos iure voluptatum ullam est. Atque excepturi sed numquam iure non.','',185,23,'1973-05-09 09:26:58'),('Odio id quia ullam quo fugiat aperiam optio. Pariatur velit ut consequatur corporis suscipit incidunt recusandae optio. Sed consequatur sint libero doloremque nostrum quibusdam ut. Aspernatur blanditiis debitis maxime molestiae delectus ea maxime natus.','',186,32,'1983-05-01 09:18:27'),('','Et quod et accusantium magni iusto velit hic.',187,23,'1998-11-25 08:10:00'),('','Veritatis deleniti in reprehenderit.',188,13,'2000-06-13 05:20:59'),('Et est in culpa consectetur eaque voluptas tempore. Aut vel excepturi et. Dolores aut aspernatur aut quia asperiores cum. Molestiae est consectetur ipsa impedit quod.','Nemo aut aut voluptas sunt in aperiam repellendus.',189,35,'1983-02-13 18:59:29'),('Cumque similique aliquam illo excepturi optio consequatur perferendis. Aut ratione voluptate omnis. Sit nam quibusdam mollitia qui excepturi quia autem vero. Sit et sit corrupti quasi quidem maiores illo vel.','Dolores placeat ducimus dicta dolorem aut a.',190,15,'2020-08-25 14:45:47'),('','Occaecati voluptatem et illum et perferendis quibusdam ad optio.',191,24,'1975-11-18 23:05:11'),('','Non praesentium et quo possimus voluptatem sapiente.',192,33,'1980-07-03 07:41:43'),('Enim dignissimos ea doloremque non dignissimos cumque vel eum. Est numquam consequuntur consequuntur voluptas. Eum odio debitis id enim dolor molestiae repellat. Eum neque facilis et at sint. Id incidunt nesciunt sit sequi.','Repellendus qui quod nihil quos.',193,12,'2014-05-28 08:05:50'),('','Vel asperiores ipsam illum necessitatibus aut eveniet iste.',194,34,'1987-10-08 04:38:44'),('Perspiciatis in magnam molestiae non illo id labore vitae. Voluptate sit sit quia ea ullam magnam. Aliquam vero sequi beatae consequatur omnis modi similique. Temporibus itaque corrupti fugiat aliquam et vero.','Nobis nihil veniam quibusdam qui earum qui.',195,3,'2012-03-21 11:08:22'),('Et harum et assumenda est nesciunt atque. Atque quia aliquam atque quia odio dolor ipsam. Sed tempore sunt iure minima quia harum.','',196,21,'1994-09-22 15:22:09'),('','',197,1,'2012-10-21 10:44:16'),('Culpa et dolorem nesciunt reprehenderit iure nemo accusamus. Neque soluta rem voluptatum. Quas eos vel ut quaerat.','',198,11,'1999-08-26 04:01:26'),('Rerum quod beatae magni in et. Ut enim nemo eveniet beatae. Et est in et qui est. Molestias voluptatum autem non voluptates. Aut laboriosam est esse et.','Dignissimos libero enim sit numquam.',199,16,'2020-10-23 05:22:53'),('Temporibus ipsa ad corporis deleniti et repellendus. Perferendis expedita qui sit minima perspiciatis perferendis accusamus. Provident omnis dignissimos occaecati aut. Et amet aspernatur consequuntur voluptatem ut expedita. Ex laudantium ut labore nesciunt laboriosam asperiores ut.','',200,24,'2001-05-17 15:25:48'),('','Ab asperiores autem voluptatem facilis sequi molestias.',201,5,'1971-09-25 15:46:38'),('Facilis sequi non minus ab quo repellendus odio aperiam. Aut similique ad cumque eos asperiores ut veritatis. Et earum est earum.','',202,17,'2011-01-20 13:39:08'),('Et sed sed voluptates velit maiores exercitationem aliquid. Officia corporis reprehenderit sunt similique vitae.','Voluptate fugiat in ipsa.',203,29,'2010-12-30 15:22:38'),('','Ut accusantium aperiam esse iusto.',204,12,'1979-09-29 09:12:30'),('','',205,8,'2005-01-13 01:18:15'),('','Quis molestiae doloremque molestiae.',206,34,'2014-06-16 14:10:58'),('','',207,20,'1999-08-12 23:39:58'),('Sint eum quis nobis incidunt impedit deserunt. Iusto perferendis voluptas velit deserunt inventore. Enim voluptates labore est laudantium.','Blanditiis deleniti ipsum quae aperiam repudiandae unde unde.',208,8,'2005-09-21 01:02:51'),('Rerum est saepe eos accusantium omnis. Consectetur facilis asperiores nam sed occaecati et omnis. Voluptatem sit cumque exercitationem voluptatem delectus voluptas harum voluptatem.','Excepturi molestias vel est consequatur odit odit non commodi.',209,5,'2012-02-05 16:12:07'),('','',210,10,'1985-07-16 10:44:34'),('','Labore accusamus eveniet deleniti totam.',211,30,'1975-07-22 21:18:05'),('','',212,36,'1991-02-27 02:52:02'),('Temporibus quis aperiam sit fugiat et repudiandae. Similique tempore voluptas quibusdam. Illo perspiciatis eos hic autem. Laborum perferendis neque corrupti odio numquam cum numquam quos.','Perspiciatis ut fugiat omnis vero.',213,3,'2008-09-23 23:26:07'),('Sit eum dignissimos minima ut in incidunt culpa. Quia ad distinctio tempora molestiae. Quis officia hic earum aperiam voluptas fugit.','',214,34,'2010-07-25 00:26:01'),('Iusto ut quidem omnis ut in quis. Aut tempora magni porro rerum. Officiis porro cumque sint eligendi in. Accusantium qui ipsum tempore omnis minima et.','',215,27,'1991-11-12 23:08:09'),('','',216,26,'1971-06-16 10:43:50'),('','Repudiandae suscipit corrupti commodi eaque.',217,25,'1986-10-05 12:55:15'),('','Eius quisquam asperiores non alias.',218,9,'2018-11-13 16:21:42'),('','',219,39,'1989-06-08 15:27:32'),('','',220,20,'1989-06-11 17:17:41'),('Aut expedita nobis consequatur quia nihil libero. Quam voluptate expedita facere maxime officia. Ipsam rerum recusandae et consectetur. Enim perferendis odit iusto facilis optio recusandae. Aut ut repellat perferendis dicta incidunt quia.','',221,24,'1982-05-19 18:49:35'),('Ducimus eius nam illum qui architecto odit. Sint sed praesentium architecto. Consequatur quaerat voluptatum animi sapiente quam dolore. Voluptatem tenetur quidem et non.','',222,22,'1999-10-29 07:52:26'),('Voluptatibus saepe illo labore labore laboriosam est. Quos dolorum unde laborum voluptatibus. Magni ullam minima mollitia quasi consequuntur.','Possimus sint ut facilis dolorem.',223,13,'2009-01-28 07:00:26'),('','',224,35,'1980-05-10 09:42:16'),('Eos voluptatum error rerum. Nihil quo esse aspernatur repellat. Eum fuga nostrum quia at.','',225,15,'2010-06-25 08:00:37'),('Dolorum qui quas dolorum vero deserunt maiores cupiditate ipsam. Tempora voluptatum pariatur facere porro sed sed. Quia et ut impedit qui. Aut ut odit quae sunt rerum quae.','',226,15,'1977-01-29 18:03:03'),('Modi magni dolore id adipisci eligendi. Provident consequatur inventore unde ut quae repellat.','',227,16,'1999-05-28 16:25:57'),('Qui quam accusantium et sed ipsa. Aspernatur mollitia vel quisquam. Libero animi quia eaque non. Eius molestiae qui omnis quasi nemo.','Laborum et aut earum culpa.',228,16,'1987-12-13 08:09:38'),('','',229,25,'1999-03-29 07:59:15'),('Ex dolor eum dolorem quia perspiciatis consequatur iusto. A dolor voluptatum omnis. Sapiente aut hic qui. Voluptas et ullam nesciunt autem.','',230,31,'2013-06-25 19:32:28'),('Id enim fuga et iste rerum. Pariatur et ullam voluptas quaerat sapiente. Ut unde voluptatibus enim quam sint voluptatum. Itaque sunt veniam ad et.','Rerum et cumque non totam fugiat aspernatur.',231,40,'1977-06-23 19:18:35'),('Quis odio sequi est optio illo. Maxime iste est saepe earum consequatur voluptatem. Nihil quia vel nobis.','Iusto consequatur veritatis amet.',232,30,'2018-01-12 07:50:46'),('Id non similique quia harum deleniti non nisi voluptates. Aut adipisci autem odio doloremque corrupti. Iure modi aperiam molestiae dolorem. Distinctio nihil non qui id.','Dolores facilis expedita fugit est ullam optio numquam hic.',233,7,'1993-08-04 05:05:45'),('','',234,28,'2019-05-09 04:00:27'),('','Laboriosam quia cum ut illo ipsam consequuntur expedita.',235,1,'2020-01-19 09:08:57'),('','',236,15,'1992-10-20 22:12:15'),('','Quis qui rem omnis consequuntur.',237,22,'1972-10-05 05:54:25'),('','Et non a minima velit pariatur qui dolore.',238,20,'2020-01-27 22:55:00'),('','Ut beatae et ut corrupti.',239,22,'2013-04-04 19:45:07'),('','',240,26,'2001-04-22 04:40:42'),('','Autem neque cupiditate quod iure enim asperiores nihil.',241,30,'1990-05-28 02:45:19'),('Totam reiciendis suscipit voluptate ut repellendus. Voluptates voluptas voluptate dolor fugit id.','',242,12,'2001-01-27 08:57:56'),('','Quia voluptatum sequi nihil qui eum.',243,21,'1974-09-07 14:13:26'),('','',244,32,'1972-08-22 03:31:46'),('','',245,5,'1982-07-25 21:03:25'),('','',246,7,'1976-08-04 20:03:14'),('','Non pariatur odio ut temporibus.',247,17,'2005-07-21 14:30:19'),('','',248,30,'1975-03-12 07:51:11'),('','',249,15,'2020-05-09 15:51:51'),('Minus non velit quaerat eligendi voluptates. Aliquid est sunt error sed. Omnis natus fugit eius voluptatum et voluptatum architecto. In sequi iste sunt excepturi.','Sit exercitationem deleniti eos doloribus ducimus.',250,16,'1996-08-03 08:04:53'),('Eligendi laboriosam vel mollitia distinctio qui. Eos sunt adipisci temporibus beatae quam. Nesciunt quod saepe saepe magni.','',251,9,'2016-03-29 17:17:46'),('Quam saepe earum magni velit nulla sed. Voluptates et suscipit non est alias autem. Dignissimos cupiditate earum porro et odit sint optio hic. Qui omnis doloremque tenetur qui explicabo ducimus optio rerum.','',252,38,'2007-06-25 17:37:34'),('Et ut neque eligendi eveniet voluptatibus molestias vel. Laboriosam nihil nemo est praesentium impedit sed sit. Eveniet hic ut velit ut qui quia nemo.','',253,37,'2012-02-11 23:12:08'),('Quod aliquam molestiae dolores ad aliquam eum magni. Animi ut facere ut corrupti voluptas veniam enim. Omnis saepe reiciendis nostrum earum.','Quia consequatur dignissimos et nam eos in.',254,21,'1984-03-18 02:19:43'),('','Et sint corporis dolores perspiciatis distinctio debitis eum.',255,33,'1994-08-13 05:12:29'),('','',256,12,'1987-10-13 04:45:24'),('Dicta quaerat ullam nihil sed quasi. Enim consequatur quia eos et culpa ipsa incidunt. In laboriosam perspiciatis explicabo consectetur qui et. Similique quis vero a et.','',257,36,'2011-03-14 09:07:50'),('','',258,8,'2012-04-19 23:18:08'),('','Totam consectetur qui deserunt cumque est quibusdam.',259,27,'1995-08-10 13:20:30'),('Numquam minus et earum. Distinctio corrupti et exercitationem voluptatibus.','Et repellendus excepturi dolor consectetur recusandae.',260,21,'1973-05-12 04:03:07'),('Adipisci iure maxime est perferendis ut quasi asperiores. Est voluptatem ipsam cupiditate quo sed et mollitia ipsum. Nobis rerum dicta fugit deleniti aspernatur. Laudantium et est quia esse et. Eaque quia sit et repellat id sint.','',261,39,'1983-05-13 20:49:47'),('','Sint cum tenetur asperiores quia ipsa delectus eveniet laborum.',262,26,'1999-07-04 20:38:29'),('','',263,10,'1999-09-01 09:32:28'),('Distinctio dolores autem nemo fugiat sed. Cum rerum dolores mollitia magnam est est tempore deserunt. Ipsam consequuntur quidem sunt laborum et non.','',264,6,'2009-05-16 04:46:11'),('Expedita voluptas veniam molestiae qui facere quibusdam occaecati. Reprehenderit veniam quia voluptas dignissimos. Error deleniti voluptas tempora dolorum velit.','',265,14,'2013-05-10 17:37:13'),('Voluptas quo delectus non totam accusamus. Itaque non sequi nulla ducimus non sed. Cupiditate assumenda eaque omnis sunt magni nostrum. Doloribus aut esse officiis fugiat quod dolores.','Vel a a et commodi consectetur quod autem.',266,10,'1977-04-04 02:55:12'),('Dolorem dolores ea quae doloribus. Officiis ut excepturi laboriosam asperiores atque quidem nemo nulla. Dolorem consequatur quia et porro quis nostrum ad.','Iusto explicabo aspernatur aliquid voluptatem eum et.',267,20,'1978-06-14 14:12:29'),('','Voluptatem velit omnis commodi corporis.',268,35,'2015-04-08 02:32:37'),('','Et porro in sed sunt magnam voluptas.',269,30,'1985-08-04 11:18:20'),('Exercitationem illo eum qui aut quo. Ducimus fuga et qui reprehenderit suscipit reiciendis saepe voluptatem. Voluptas tempore expedita dicta expedita et illo sit.','',270,2,'1998-09-07 08:13:19'),('','',271,21,'1993-11-28 18:14:59'),('Ducimus voluptas sed vel similique eos unde aut autem. Qui pariatur nesciunt incidunt asperiores fuga earum iste est. Omnis reiciendis vero hic qui nisi laudantium nemo. Explicabo quasi rem repudiandae sint pariatur quidem sit.','Dolorem nulla enim enim et.',272,19,'1982-11-14 05:32:10'),('Voluptates ipsam officiis expedita facilis et aut vitae. Explicabo veritatis dolorum unde qui qui. Eligendi totam et aut esse. Praesentium et dignissimos id consectetur sit molestiae.','Officiis in id quia atque at corporis.',273,13,'2005-03-07 21:37:49'),('Sint sequi fugiat eos quis molestiae dicta quia. Sint magnam est beatae eaque quam officia.','Vel minima nihil ut ut maiores consequatur in.',274,1,'1980-04-04 14:21:17'),('','Quia occaecati commodi sit sunt doloribus.',275,11,'1993-07-11 03:13:06'),('Non nobis ea reprehenderit corrupti est veritatis et perferendis. Alias iure nam consequatur reprehenderit quis sint neque.','',276,17,'1981-07-20 20:30:47'),('','',277,7,'1978-07-25 03:44:33'),('','Et architecto fuga consequatur voluptas.',278,27,'1990-08-19 03:23:42'),('','Blanditiis doloribus distinctio modi impedit esse omnis et.',279,6,'1976-05-07 20:47:52'),('','',280,22,'2011-09-27 13:45:55'),('','',281,2,'2006-11-13 09:49:14'),('','',282,15,'1992-05-23 05:45:00'),('','Aut sit voluptates molestiae quam tenetur est et culpa.',283,20,'2006-11-28 06:41:24'),('','',284,39,'1977-02-08 14:59:39'),('Aperiam illum dolore quo fugiat omnis qui id. Tempore corrupti totam enim voluptas perspiciatis eius. Doloremque dolores autem perferendis voluptatem est quis deleniti.','',285,36,'1978-01-06 10:15:33'),('','',286,13,'1978-05-27 11:16:51'),('Dolore autem veniam non porro. Itaque numquam odio non. Dolores vitae qui cupiditate a perferendis velit odit sit. Ad debitis odit maiores qui alias consequatur. Repellendus et non sunt non ut architecto.','Sapiente ipsa neque saepe aut libero est.',287,10,'1970-10-06 09:13:24'),('','',288,31,'2017-04-08 18:33:06'),('','Similique quam perspiciatis voluptatum iure enim nihil illum.',289,20,'1998-09-29 03:16:56'),('Incidunt in rem at animi iure. Qui aspernatur deserunt et doloremque. Molestias reprehenderit sunt voluptatem a voluptate. Voluptate ea modi voluptates dolorem.','Reprehenderit amet ea maiores.',290,37,'1989-03-19 05:31:13'),('','',291,11,'1994-04-03 14:04:13'),('','',292,19,'1988-07-07 21:41:54'),('','',293,23,'1982-10-17 13:42:16'),('Qui voluptatem voluptas sunt. Dolores explicabo qui soluta impedit consequatur sit. Accusantium tempora voluptas et. Consequuntur ducimus eos et reprehenderit ratione id maiores. Quisquam porro placeat quia incidunt inventore quae voluptas.','Recusandae qui vel in est suscipit qui repudiandae.',294,21,'2000-02-25 02:53:42'),('','Aut ut quibusdam eius nesciunt expedita eveniet inventore.',295,24,'1987-10-18 06:37:04'),('','',296,37,'1994-02-27 22:48:04'),('Et in et eligendi. Distinctio placeat nemo dolores quaerat. Provident aspernatur est architecto nulla eos. Quia consectetur quis aliquid laboriosam. Ad quidem aut corrupti soluta iure placeat tenetur.','',297,30,'1971-08-05 09:19:00'),('Ex rerum omnis sequi aspernatur. Aut sit cupiditate non laudantium. Dolor autem aut cum suscipit saepe itaque deleniti fugiat.','Sit possimus eum quia totam.',298,3,'2016-07-24 14:28:33'),('Est ut dolorum quos. Et corrupti quasi aliquid quidem iure facere. Voluptates optio perspiciatis ipsum. Molestias maiores et consequuntur alias.','',299,32,'1994-11-06 04:21:05'),('','',300,19,'1987-09-11 17:24:11');
/*!40000 ALTER TABLE `product_describe` ENABLE KEYS */;
UNLOCK TABLES;

--
-- Table structure for table `products`
--

DROP TABLE IF EXISTS `products`;
/*!40101 SET @saved_cs_client     = @@character_set_client */;
/*!40101 SET character_set_client = utf8 */;
CREATE TABLE `products` (
  `product_id` int(11) NOT NULL AUTO_INCREMENT,
  `name` varchar(45) COLLATE utf8mb4_unicode_ci NOT NULL,
  `price` int(11) DEFAULT NULL,
  `categories_id` int(11) NOT NULL,
  PRIMARY KEY (`product_id`),
  KEY `fk_products_categories_idx` (`categories_id`),
  CONSTRAINT `fk_products_categories` FOREIGN KEY (`categories_id`) REFERENCES `categories` (`category_id`)
) ENGINE=InnoDB AUTO_INCREMENT=301 DEFAULT CHARSET=utf8mb4 COLLATE=utf8mb4_unicode_ci;
/*!40101 SET character_set_client = @saved_cs_client */;

--
-- Dumping data for table `products`
--

LOCK TABLES `products` WRITE;
/*!40000 ALTER TABLE `products` DISABLE KEYS */;
INSERT INTO `products` VALUES (1,'et',8010,27),(2,'beatae',8989,14),(3,'aut',3944,7),(4,'placeat',1529,26),(5,'sapiente',7910,7),(6,'dolorum',2495,17),(7,'cumque',905,10),(8,'veniam',2789,25),(9,'assumenda',7358,12),(10,'quisquam',3420,10),(11,'et',4024,12),(12,'unde',1,27),(13,'doloremque',1227,22),(14,'velit',5350,30),(15,'voluptatum',3371,18),(16,'cumque',4385,12),(17,'dolores',3,29),(18,'vero',6568,21),(19,'vero',77,10),(20,'voluptas',1281,18),(21,'quia',1052,2),(22,'dicta',7159,16),(23,'nobis',8990,30),(24,'ipsum',1827,21),(25,'itaque',4652,24),(26,'quia',6042,1),(27,'qui',3857,27),(28,'officiis',3242,7),(29,'necessitatibus',9483,28),(30,'expedita',4083,7),(31,'vitae',619,29),(32,'id',7926,25),(33,'alias',2772,20),(34,'nihil',7324,5),(35,'quas',5684,21),(36,'quos',1322,27),(37,'omnis',2691,22),(38,'enim',3314,1),(39,'quo',596,21),(40,'praesentium',6178,4),(41,'voluptas',1372,11),(42,'enim',4356,3),(43,'aliquam',3963,30),(44,'aut',7898,2),(45,'fugit',9077,2),(46,'est',4982,18),(47,'voluptatem',5980,14),(48,'et',6915,30),(49,'quia',6045,9),(50,'labore',8888,24),(51,'cumque',8153,18),(52,'modi',1707,10),(53,'iusto',5652,9),(54,'quo',4976,17),(55,'quia',620,30),(56,'ipsa',3070,3),(57,'excepturi',4592,17),(58,'atque',4061,27),(59,'consequuntur',2479,10),(60,'enim',1609,15),(61,'consequatur',2151,3),(62,'quia',5504,9),(63,'architecto',2491,10),(64,'dolorem',5155,23),(65,'beatae',8624,13),(66,'voluptas',6109,30),(67,'natus',9838,19),(68,'libero',387,5),(69,'deserunt',9253,30),(70,'quo',809,10),(71,'error',8088,9),(72,'ipsam',1471,10),(73,'ut',3963,12),(74,'numquam',2511,8),(75,'velit',9578,12),(76,'mollitia',6544,14),(77,'sint',9759,25),(78,'aut',1676,26),(79,'et',7942,13),(80,'perspiciatis',1705,3),(81,'praesentium',7626,19),(82,'consectetur',7425,1),(83,'ut',5620,12),(84,'fugit',2221,28),(85,'a',8293,17),(86,'molestias',3555,12),(87,'quam',4935,30),(88,'earum',153,4),(89,'unde',9682,8),(90,'delectus',7587,10),(91,'id',7530,19),(92,'fugiat',5645,11),(93,'voluptas',4856,18),(94,'facere',5283,28),(95,'id',7039,4),(96,'cum',434,1),(97,'accusamus',3623,27),(98,'optio',6308,22),(99,'in',7485,6),(100,'aut',9866,27),(101,'et',2984,2),(102,'quod',5938,14),(103,'repellendus',5772,7),(104,'voluptatem',1093,14),(105,'quos',3089,21),(106,'aliquid',3138,19),(107,'temporibus',2287,27),(108,'molestiae',328,16),(109,'et',3417,14),(110,'aut',2543,10),(111,'quibusdam',3921,18),(112,'atque',2238,3),(113,'aspernatur',1798,10),(114,'ab',9258,30),(115,'ut',5261,1),(116,'sit',6367,27),(117,'et',4263,12),(118,'minus',4499,1),(119,'molestias',1257,30),(120,'quia',5274,19),(121,'nostrum',4563,10),(122,'voluptas',3171,18),(123,'quod',2020,30),(124,'ipsum',9370,28),(125,'at',5197,16),(126,'aut',9057,3),(127,'et',2900,28),(128,'vero',7726,13),(129,'inventore',501,25),(130,'delectus',8318,3),(131,'quasi',1439,10),(132,'similique',722,27),(133,'et',1592,17),(134,'magni',8372,16),(135,'iste',7128,10),(136,'sit',588,7),(137,'eum',4915,5),(138,'enim',9343,7),(139,'sequi',11,23),(140,'voluptatem',8586,19),(141,'corrupti',6445,16),(142,'consequatur',2448,11),(143,'culpa',4847,22),(144,'et',9568,26),(145,'ab',8598,10),(146,'possimus',7705,22),(147,'iste',3304,22),(148,'sunt',6441,22),(149,'et',933,22),(150,'est',1766,22),(151,'saepe',863,10),(152,'nostrum',6083,1),(153,'impedit',5536,10),(154,'dolorem',2830,10),(155,'omnis',5646,28),(156,'molestiae',8973,25),(157,'voluptate',6722,12),(158,'est',3157,26),(159,'eos',3715,7),(160,'molestiae',439,7),(161,'sit',9940,29),(162,'id',712,16),(163,'beatae',7011,3),(164,'architecto',350,15),(165,'animi',8083,2),(166,'eveniet',607,13),(167,'nulla',2332,22),(168,'quo',8257,6),(169,'repudiandae',238,19),(170,'quia',3265,14),(171,'sequi',1569,25),(172,'suscipit',2885,4),(173,'maxime',1934,25),(174,'rem',9410,16),(175,'quia',5475,29),(176,'veritatis',4789,5),(177,'reiciendis',759,7),(178,'autem',5665,21),(179,'minima',6540,26),(180,'architecto',4850,29),(181,'aliquid',5807,12),(182,'maxime',5444,5),(183,'dolorem',1995,30),(184,'doloremque',7913,21),(185,'fuga',6915,15),(186,'aliquam',6559,28),(187,'voluptatem',8179,16),(188,'voluptas',2297,27),(189,'non',1857,23),(190,'eaque',5461,22),(191,'vel',3680,3),(192,'necessitatibus',3696,21),(193,'et',5681,8),(194,'sunt',8795,6),(195,'aperiam',4105,6),(196,'praesentium',5525,10),(197,'fugit',7789,18),(198,'dolorem',6516,27),(199,'ullam',3543,16),(200,'mollitia',6367,6),(201,'accusantium',8615,11),(202,'voluptatibus',9334,10),(203,'quis',3025,10),(204,'atque',595,5),(205,'hic',5216,26),(206,'natus',4871,9),(207,'odit',6611,9),(208,'excepturi',5774,2),(209,'corrupti',6302,29),(210,'et',2696,4),(211,'unde',7708,1),(212,'rerum',1717,11),(213,'quo',5101,9),(214,'in',691,30),(215,'aliquam',4367,1),(216,'quia',2800,23),(217,'praesentium',2050,27),(218,'non',9206,16),(219,'consequatur',4096,20),(220,'et',2067,19),(221,'recusandae',3318,8),(222,'molestiae',4068,22),(223,'laborum',6136,10),(224,'ut',6347,16),(225,'praesentium',6996,28),(226,'assumenda',956,15),(227,'mollitia',3393,25),(228,'laudantium',19,15),(229,'ut',2600,12),(230,'sunt',5552,10),(231,'est',5599,21),(232,'perferendis',1154,22),(233,'itaque',3058,20),(234,'et',3937,1),(235,'velit',9645,27),(236,'maxime',3583,15),(237,'suscipit',9065,9),(238,'voluptate',3497,5),(239,'quos',4172,17),(240,'non',3173,8),(241,'dolores',4421,9),(242,'fugiat',1924,17),(243,'velit',3949,18),(244,'ut',9704,18),(245,'architecto',5836,16),(246,'minus',571,19),(247,'dolor',4702,11),(248,'sed',7446,12),(249,'id',3154,4),(250,'eveniet',3859,30),(251,'et',3515,1),(252,'unde',357,12),(253,'vitae',5955,22),(254,'magni',6329,10),(255,'voluptate',1796,28),(256,'accusamus',6953,19),(257,'aut',1598,25),(258,'et',1919,22),(259,'voluptatem',8144,4),(260,'veritatis',7290,6),(261,'praesentium',6740,2),(262,'architecto',4945,24),(263,'dolorem',664,28),(264,'reprehenderit',2456,22),(265,'beatae',9046,24),(266,'voluptatem',1594,25),(267,'placeat',4857,6),(268,'et',6199,3),(269,'consequatur',8506,30),(270,'animi',470,23),(271,'nihil',842,10),(272,'praesentium',3594,8),(273,'vel',9377,9),(274,'distinctio',2120,27),(275,'exercitationem',6800,25),(276,'libero',6532,25),(277,'veritatis',7279,15),(278,'fuga',6790,5),(279,'nihil',3182,7),(280,'ut',4521,19),(281,'consectetur',3417,5),(282,'voluptatem',5357,7),(283,'beatae',9457,1),(284,'velit',6311,26),(285,'qui',3902,17),(286,'laudantium',1420,28),(287,'veniam',2619,14),(288,'temporibus',9387,11),(289,'id',8978,19),(290,'repellat',7645,17),(291,'adipisci',5228,17),(292,'et',8440,21),(293,'neque',793,11),(294,'expedita',3072,15),(295,'est',8777,12),(296,'reprehenderit',1009,5),(297,'provident',4723,9),(298,'deserunt',6044,18),(299,'aliquam',4794,7),(300,'eos',2205,8);
/*!40000 ALTER TABLE `products` ENABLE KEYS */;
UNLOCK TABLES;

--
-- Table structure for table `review_likes`
--

DROP TABLE IF EXISTS `review_likes`;
/*!40101 SET @saved_cs_client     = @@character_set_client */;
/*!40101 SET character_set_client = utf8 */;
CREATE TABLE `review_likes` (
  `reviews_id` int(11) NOT NULL,
  `users_id` int(11) NOT NULL,
  KEY `fk_review_likes_reviews1_idx` (`reviews_id`),
  KEY `fk_review_likes_users1_idx` (`users_id`),
  CONSTRAINT `fk_review_likes_reviews1` FOREIGN KEY (`reviews_id`) REFERENCES `reviews` (`review_id`),
  CONSTRAINT `fk_review_likes_users1` FOREIGN KEY (`users_id`) REFERENCES `users` (`id`)
) ENGINE=InnoDB DEFAULT CHARSET=utf8mb4 COLLATE=utf8mb4_unicode_ci;
/*!40101 SET character_set_client = @saved_cs_client */;

--
-- Dumping data for table `review_likes`
--

LOCK TABLES `review_likes` WRITE;
/*!40000 ALTER TABLE `review_likes` DISABLE KEYS */;
INSERT INTO `review_likes` VALUES (271,73),(66,77),(346,5),(117,37),(395,98),(159,62),(76,34),(160,61),(43,34),(381,81),(125,49),(194,69),(17,62),(4,96),(59,57),(349,83),(118,4),(234,16),(32,88),(210,7),(342,93),(271,5),(105,8),(258,37),(164,60),(72,72),(33,67),(162,13),(110,42),(32,42),(393,96),(97,28),(395,83),(173,7),(281,96),(51,56),(352,81),(239,15),(352,25),(204,29),(335,69),(4,92),(139,42),(17,63),(330,12),(17,81),(28,29),(32,6),(42,52),(48,81),(188,25),(144,35),(19,96),(196,93),(79,100),(87,4),(273,23),(381,3),(254,100),(261,46),(45,70),(105,18),(389,35),(94,8),(341,36),(353,32),(239,25),(267,65),(80,16),(229,40),(60,79),(172,84),(4,38),(345,65),(149,52),(41,49),(82,37),(265,18),(282,90),(101,56),(100,14),(350,85),(150,54),(196,58),(277,6),(388,85),(338,40),(269,86),(311,54),(199,15),(18,60),(252,25),(385,29),(170,67),(74,68),(89,44),(324,10),(112,19),(254,77),(303,33),(330,73),(66,67),(48,84),(210,90),(148,2),(17,42),(248,67),(265,59),(384,9),(99,15),(304,47),(231,57),(226,86),(300,20),(248,51),(209,45),(91,69),(46,35),(209,64),(98,89),(263,29),(122,28),(383,97),(343,92),(20,11),(23,81),(229,64),(151,14),(195,13),(132,11),(252,85),(221,86),(214,67),(82,6),(121,45),(378,96),(293,25),(93,69),(86,9),(241,27),(76,66),(29,76),(117,45),(357,78),(229,23),(355,20),(29,44),(23,61),(41,26),(265,41),(283,61),(144,44),(342,59),(50,7),(271,73),(132,87),(154,40),(249,68),(338,52),(182,42),(295,34),(247,81),(310,68),(165,88),(373,8),(112,64),(272,64),(30,54),(91,20),(240,91),(370,93),(306,31),(131,39),(394,17),(361,44),(235,64),(311,21),(178,56),(349,86),(171,81),(372,71),(176,61),(137,52),(56,57),(284,74),(187,64),(265,24),(377,99),(247,93),(63,52),(146,75),(62,14),(378,60),(276,82),(182,12),(247,39),(328,6),(395,16),(227,13),(291,28),(344,20),(364,53),(169,86),(204,4),(312,67),(223,15),(163,72),(112,35),(124,97),(66,77),(33,78),(57,91),(334,13),(25,40),(102,79),(270,12),(391,59),(254,40),(175,15),(176,22),(323,100),(143,22),(283,64),(225,2),(241,73),(311,69),(203,92),(234,34),(20,65),(296,31),(172,42),(166,41),(400,5),(323,44),(77,25),(260,100),(97,1),(86,95),(256,78),(386,24),(201,75),(369,1),(264,51),(139,71),(60,9),(4,58),(200,43),(395,50),(189,80),(374,67),(16,59),(266,28),(236,88),(92,23),(261,20),(187,16),(374,39),(65,60),(358,51),(120,5),(238,31),(249,10),(292,61),(237,21),(160,53),(347,44),(43,54),(287,70),(163,95),(369,6),(55,39),(85,7),(310,38),(265,67),(352,97),(285,48),(108,34),(226,100),(377,16),(80,35),(272,7),(312,79),(239,50),(192,1),(177,40),(25,58),(315,28),(259,57),(259,31),(93,53),(108,95),(399,54),(111,56),(214,22),(286,74),(224,40),(320,34),(71,40),(335,66),(160,28),(22,46),(342,85),(294,50),(162,38),(324,64),(362,8),(231,90),(246,86),(184,15),(28,18),(353,63),(227,68),(388,75),(30,81),(159,48),(32,46),(373,94),(118,67),(173,70),(18,24),(132,95),(127,91),(339,93),(303,31),(31,83),(191,96),(182,5),(256,43),(314,72),(90,19),(74,31),(254,12),(94,93),(313,67),(250,83),(363,96),(310,23),(343,62),(62,62),(369,23),(175,40),(76,90),(177,83),(125,23),(216,54),(163,73),(336,5),(336,8),(387,63),(297,59),(180,65),(217,23),(348,40),(336,3),(5,77),(101,45),(65,44),(135,61),(106,65),(332,81),(74,24),(210,3),(111,37),(39,25),(395,84),(333,44),(193,38),(263,36),(309,50),(150,79),(103,63),(92,42),(26,57),(8,33),(86,85),(52,40),(34,66),(169,37),(8,52),(242,1),(142,44),(176,84),(324,10),(75,59),(236,56),(146,85),(74,60),(106,25),(63,29),(230,38),(53,71),(308,22),(143,20),(231,38),(284,19),(153,7),(247,83),(359,43),(367,9),(4,51),(258,38),(141,83),(385,62),(30,12),(359,65),(196,3),(141,26),(98,71),(180,83),(34,16),(1,47),(88,62),(115,12),(19,21),(80,6),(283,85),(170,6),(269,39),(268,75),(202,57),(158,100),(238,75),(102,84),(183,71),(264,55),(345,66),(3,8),(112,30),(78,33),(197,40),(151,20),(95,81),(102,91),(75,93),(262,70),(195,5),(275,9),(319,95),(368,26),(258,58),(317,51),(94,80),(233,52),(36,78),(335,58),(68,22),(311,41),(7,3),(125,21),(381,97),(358,44),(6,59),(208,81),(209,44),(25,17),(5,86),(268,25),(260,25),(305,74),(11,60),(126,20),(325,10),(239,83),(49,91),(12,8),(350,93),(204,89),(202,3),(280,3),(187,76),(76,48),(244,86),(290,26),(43,49),(398,14),(33,31),(130,90),(160,93),(288,52),(332,75),(236,71),(268,10),(237,18),(52,29),(79,60),(19,39),(28,66),(97,80),(366,35),(112,91),(192,36),(86,81),(101,62),(290,97),(52,56),(287,72),(103,39),(328,85),(223,95),(55,76),(216,19),(55,61),(336,38),(162,76),(291,69),(263,21),(16,87),(3,30),(193,73),(104,62),(114,98),(132,54),(144,15),(155,92),(38,53),(268,64),(282,81),(97,55),(74,65),(118,91),(130,95),(46,37),(328,13),(263,30),(340,92),(364,14),(357,24),(269,26),(155,6),(67,49),(232,84),(46,29),(257,36),(330,83),(400,12),(294,33),(27,85),(275,89),(388,35),(74,82),(104,10),(381,15),(133,63),(160,72),(272,57),(80,26),(160,32),(215,4),(267,37),(346,67),(192,60),(396,55),(179,68),(172,42),(7,62),(94,28),(284,19),(170,5),(323,83),(304,49),(156,96),(297,79),(109,28),(331,94),(256,70),(242,12),(116,60),(265,74),(107,10),(60,29),(283,39),(224,42),(227,99),(182,38),(323,22),(344,20),(69,60),(393,45),(351,81),(153,52),(200,99),(253,79),(230,30),(209,85),(154,68),(50,9),(22,69),(201,63),(267,96),(399,48),(68,86),(267,34),(181,65),(313,33),(183,17),(337,96),(58,48),(297,72),(306,27),(224,15),(374,69),(95,99),(146,74),(244,3),(278,61),(201,87),(183,17),(81,91),(327,99),(94,28),(57,8),(91,29),(219,97),(2,32),(93,57),(184,17),(97,70),(61,61),(174,77),(254,13),(147,14),(397,83),(122,20),(293,12),(70,97),(157,32),(16,62),(241,59),(235,61),(359,82),(66,36),(393,41),(20,14),(6,49),(359,65),(246,27),(314,61),(34,9),(319,82),(83,98),(313,60),(115,82),(87,89),(163,81),(196,31),(250,66),(263,61),(25,71),(296,8),(77,64),(289,81),(359,51),(164,99),(238,21),(319,80),(71,58),(160,47),(159,62),(139,81),(169,84),(42,5),(196,77),(260,55),(188,39),(250,66),(9,35),(186,92),(341,88),(360,45),(31,70),(97,26),(109,65),(286,67),(103,6),(188,68),(358,58),(288,39),(135,37),(373,81),(302,56),(186,78),(360,93),(278,75),(320,60),(77,88),(115,44),(52,56),(30,85),(91,33),(361,70),(3,80),(109,73),(71,61),(36,11),(165,85),(265,88),(247,56),(322,31),(123,61),(361,50),(192,19),(374,61),(300,1),(181,98),(135,36),(269,35),(59,95),(27,33),(221,16),(172,97),(399,9),(335,62),(259,65),(370,96),(98,83),(181,73),(6,39),(133,77),(157,79),(295,73),(55,41),(29,29),(142,14),(242,91),(117,4),(347,29),(48,71),(361,77),(138,83),(288,59),(261,18),(124,67),(223,65),(171,95),(170,17),(271,56),(230,75),(337,93),(354,45),(333,18),(190,70),(186,60),(161,37),(144,75),(78,8),(134,85),(99,65),(204,81),(114,94),(301,71),(40,43),(107,68),(71,11),(240,6),(221,43),(95,3),(51,71),(249,53),(27,98),(110,26),(22,61),(42,31),(100,62),(41,54),(218,86),(96,65),(112,51),(126,46),(246,92),(206,17),(137,76),(78,47),(181,82),(399,52),(317,28),(312,85),(352,89),(58,13),(197,25),(265,4),(40,90),(272,38),(162,100),(334,2),(363,35),(74,25),(41,38),(287,56),(77,72),(28,99),(394,85),(331,87),(292,98),(397,23),(88,66),(104,32),(220,94),(279,96),(373,54),(390,84),(353,16),(34,99),(215,80),(213,73),(205,61),(283,50),(180,54),(143,18),(202,35),(160,73),(400,66),(16,55),(238,74),(202,53),(108,48),(145,15),(254,45),(52,17),(98,67),(358,76),(106,61),(101,72),(55,61),(356,65),(383,29),(145,96),(377,41),(202,54),(56,1),(24,41),(193,42),(222,12),(346,69),(114,11),(139,18),(346,61),(313,12),(128,92),(289,21),(223,68),(198,92),(253,44),(129,14),(387,46),(57,3),(346,63),(178,42),(295,31),(41,3),(167,45),(80,29),(22,99),(159,38),(360,12),(233,46),(319,8),(150,43),(204,70),(226,48),(61,71),(200,2),(131,95),(174,7),(101,54),(34,67),(393,29),(381,4),(107,35),(164,17),(187,100),(248,27),(27,100),(277,58),(275,26),(20,84),(384,55),(342,29),(197,29),(140,75),(328,44),(166,81),(287,37),(335,99),(285,25),(58,18),(95,77),(176,31),(302,13),(350,44),(154,93),(112,35),(189,14),(251,97),(167,98),(283,24),(163,12),(15,13),(193,88),(41,20),(47,25),(148,36),(4,81),(263,77),(375,54),(81,32),(182,48),(265,93),(245,29),(355,3),(105,60),(106,67),(284,30),(316,20),(69,90),(155,29),(55,76),(257,15),(225,30),(364,50),(331,11),(328,29),(236,48),(82,20),(307,9),(91,3),(273,49),(279,40),(316,49),(233,96),(150,97),(100,52),(289,89),(264,29),(75,57),(314,2),(271,61),(118,27),(33,50),(186,85),(236,70),(351,27),(72,58),(264,97),(22,25),(372,43),(84,18),(377,94),(26,60),(87,26),(66,100),(106,84),(240,56),(42,69),(23,57),(212,65),(104,41),(365,44),(391,58),(164,4),(325,34),(184,3),(205,41),(381,58),(400,17),(331,17),(67,10),(2,77),(260,11),(179,71),(271,98),(140,94),(152,27),(151,36),(334,79),(155,65),(48,85),(267,63),(99,62),(82,25),(315,4),(163,96),(50,42),(287,78),(208,17),(192,20),(56,83),(53,52),(36,51),(350,93),(116,27),(227,41),(43,24),(15,36),(340,25),(238,64),(110,1),(235,40),(165,31),(68,94),(188,65);
/*!40000 ALTER TABLE `review_likes` ENABLE KEYS */;
UNLOCK TABLES;

--
-- Table structure for table `reviews`
--

DROP TABLE IF EXISTS `reviews`;
/*!40101 SET @saved_cs_client     = @@character_set_client */;
/*!40101 SET character_set_client = utf8 */;
CREATE TABLE `reviews` (
  `review_id` int(11) NOT NULL AUTO_INCREMENT,
  `commentary` varchar(256) COLLATE utf8mb4_unicode_ci NOT NULL,
  `stars` int(11) NOT NULL,
  `created_at` datetime NOT NULL DEFAULT current_timestamp(),
  `users_id` int(11) NOT NULL,
  `products_id` int(11) NOT NULL,
  PRIMARY KEY (`review_id`),
  KEY `fk_reviews_users1_idx` (`users_id`),
  KEY `fk_reviews_products1_idx` (`products_id`),
  CONSTRAINT `fk_reviews_products1` FOREIGN KEY (`products_id`) REFERENCES `products` (`product_id`),
  CONSTRAINT `fk_reviews_users1` FOREIGN KEY (`users_id`) REFERENCES `users` (`id`)
) ENGINE=InnoDB AUTO_INCREMENT=401 DEFAULT CHARSET=utf8mb4 COLLATE=utf8mb4_unicode_ci;
/*!40101 SET character_set_client = @saved_cs_client */;

--
-- Dumping data for table `reviews`
--

LOCK TABLES `reviews` WRITE;
/*!40000 ALTER TABLE `reviews` DISABLE KEYS */;
INSERT INTO `reviews` VALUES (1,'Ex qui omnis ut.',1,'1985-06-14 16:53:41',27,292),(2,'Quo quis et voluptatum modi itaque ea.',5,'1987-10-10 13:20:43',89,255),(3,'Nihil explicabo magni architecto dicta.',2,'1989-05-17 04:27:32',74,109),(4,'Quae unde eum suscipit optio.',1,'1989-01-11 06:53:55',67,137),(5,'Voluptatem in et qui corrupti.',2,'1989-09-11 00:45:25',19,153),(6,'Aut quae quos aut.',1,'2010-06-19 04:39:43',58,143),(7,'Qui amet deleniti quae consequatur qui maiores eligendi.',5,'1977-11-30 05:39:02',25,282),(8,'At esse ab impedit doloremque perspiciatis quae pariatur.',3,'2001-10-12 19:48:04',97,29),(9,'Id quaerat aut earum libero molestiae est.',1,'1972-01-01 23:49:24',77,72),(10,'Laboriosam corporis enim dolore voluptatem quo dolorem.',4,'1994-02-07 07:41:47',71,55),(11,'Eligendi magni facilis quia porro pariatur eos et.',5,'2019-05-19 22:51:28',58,104),(12,'Asperiores et ut nihil voluptas.',5,'2019-09-16 13:22:04',94,298),(13,'Qui corrupti in provident beatae sunt.',3,'1997-02-03 11:57:44',100,95),(14,'Repellat eum commodi enim.',2,'2002-01-19 16:04:17',85,105),(15,'Harum qui perferendis omnis cum soluta.',4,'2012-08-02 20:17:11',53,195),(16,'Facilis nulla eos velit labore qui voluptas.',4,'2008-12-30 02:54:37',87,236),(17,'Rerum qui hic ut dolorem debitis ut.',2,'1997-05-02 15:53:33',63,224),(18,'Recusandae et non sapiente neque amet.',4,'1981-12-20 19:35:26',64,109),(19,'Et sequi facilis autem ipsam veniam quia aut.',5,'1973-01-08 15:45:49',11,90),(20,'Sit consequuntur unde dolores facilis est.',2,'2015-09-11 05:29:34',82,87),(21,'Omnis quos fuga pariatur eaque ut ipsam aut.',4,'1974-10-27 11:09:06',81,117),(22,'Ut omnis officiis sit quia voluptas quas.',1,'2003-07-31 19:51:57',77,15),(23,'Sequi quas voluptas omnis saepe sequi suscipit magni.',2,'2021-01-20 06:37:14',33,218),(24,'Illum libero corrupti delectus totam voluptatibus doloremque.',3,'1982-04-01 02:15:07',15,28),(25,'Autem eos officia cumque.',4,'1991-02-25 10:59:58',97,255),(26,'Qui autem odit tempora fugiat quidem deserunt.',5,'1996-10-17 17:08:57',28,161),(27,'Excepturi molestiae voluptatem doloribus corrupti.',4,'1984-01-25 05:44:43',20,63),(28,'Iste aspernatur et molestiae ut.',2,'2013-08-04 16:35:04',53,56),(29,'Maxime repudiandae perspiciatis et ea.',5,'1981-05-29 17:03:29',53,111),(30,'Iste unde earum rem magnam illum.',4,'1981-10-26 06:17:45',54,14),(31,'Vel dolor quis aperiam in recusandae.',5,'2003-12-20 11:47:12',2,119),(32,'Ut aliquam nobis sunt suscipit ex.',5,'1993-03-09 18:55:32',83,193),(33,'Itaque tempore explicabo fugit quia voluptatem quisquam et.',2,'1970-02-05 12:45:27',15,139),(34,'Maxime ad modi ratione sit dolorum aut sunt.',4,'2014-01-21 11:16:30',1,75),(35,'Maxime ipsum qui nihil error ratione.',2,'2012-01-20 10:29:04',76,246),(36,'Illo atque nobis placeat et omnis.',5,'2017-07-04 01:30:12',54,171),(37,'Natus enim repellendus id id laboriosam est rerum.',1,'2000-11-28 21:32:16',21,91),(38,'Beatae ut nisi eius dignissimos.',5,'1997-08-21 16:46:48',62,159),(39,'Omnis qui vel consequatur veritatis soluta soluta.',5,'1970-11-07 16:23:48',3,228),(40,'Rerum laboriosam mollitia itaque.',1,'1981-07-24 22:56:22',63,297),(41,'Animi distinctio numquam eum voluptas voluptas facere et inventore.',5,'1991-08-23 17:14:43',61,269),(42,'Aspernatur voluptatem sit cum at et doloremque.',1,'2009-12-30 11:01:43',53,240),(43,'Aspernatur qui ratione quo occaecati sequi voluptate aperiam.',4,'2010-04-07 08:44:57',11,15),(44,'Quam id nisi est voluptatum perferendis nobis non.',1,'1971-09-06 05:10:06',99,190),(45,'Quas qui cumque molestias voluptas nemo.',4,'1985-10-20 10:17:04',42,156),(46,'Corporis consectetur et incidunt quia veniam inventore.',1,'1998-08-01 18:47:21',68,131),(47,'Dignissimos qui et rem molestiae voluptas.',5,'2005-11-10 01:49:28',92,152),(48,'Eius libero maxime error et et.',2,'2020-07-18 18:35:00',8,17),(49,'Vel a eum aperiam ab a ducimus fugiat optio.',1,'1979-12-05 19:46:06',97,23),(50,'Amet dolor quis aut praesentium labore ex expedita.',2,'1980-11-06 08:12:16',31,219),(51,'Ea sit aut iusto repellendus aut iste neque necessitatibus.',3,'1971-11-05 17:02:08',90,253),(52,'Veritatis rem ut et at ratione corporis.',4,'2019-11-14 08:43:34',30,29),(53,'Natus ut asperiores quo.',4,'2011-10-24 22:47:06',15,274),(54,'Doloremque adipisci provident quos accusantium.',5,'2012-09-15 22:37:44',63,52),(55,'Quis rerum debitis numquam quis quis sapiente.',3,'1992-09-25 12:14:51',68,74),(56,'In natus aperiam temporibus voluptas quaerat expedita molestiae.',4,'1977-05-01 17:31:26',17,84),(57,'Et eos hic rerum enim illo facere distinctio quis.',1,'1982-03-06 08:18:49',15,206),(58,'Sunt est minus libero consectetur eaque.',3,'1978-07-01 20:18:06',8,75),(59,'Quas et exercitationem pariatur.',2,'1982-07-26 05:09:15',74,19),(60,'Et non dignissimos quos non quaerat est ut tenetur.',5,'1987-02-20 01:19:24',88,46),(61,'Ad quis ex sit quasi mollitia.',1,'2010-08-06 22:33:04',59,167),(62,'Veniam facilis illo ut ea velit cupiditate est iure.',5,'1981-09-20 21:45:28',59,149),(63,'Consequatur qui fugiat omnis placeat quia vero et.',3,'1987-04-17 11:47:30',6,198),(64,'Similique ut at dicta corporis.',4,'1983-05-17 17:08:02',56,9),(65,'Quas non error reprehenderit dignissimos sed occaecati.',5,'2017-04-23 06:58:04',74,257),(66,'Voluptatibus dolorem debitis ab omnis excepturi.',4,'1984-03-02 11:59:54',76,188),(67,'Praesentium dicta dolores quas temporibus et rerum velit.',2,'1987-05-11 15:39:56',70,16),(68,'Quis molestiae numquam sint facere.',3,'2008-08-30 08:49:12',73,254),(69,'Qui maxime corporis est iste fugiat.',1,'2013-05-16 17:24:42',97,104),(70,'Eos ullam ut et pariatur ad.',3,'2005-06-18 16:41:03',2,191),(71,'Autem non aut omnis natus.',2,'2005-02-27 02:54:55',60,54),(72,'Et eius eveniet nihil error vero rerum totam.',3,'2012-04-04 10:07:10',92,220),(73,'Perspiciatis enim at voluptatibus molestiae eos natus.',3,'1999-02-26 16:41:38',87,298),(74,'Ab nobis illo architecto.',2,'1996-02-11 10:02:15',99,180),(75,'Temporibus animi hic nostrum saepe doloribus nihil.',5,'2006-05-04 01:42:50',6,258),(76,'Perferendis et numquam et nesciunt exercitationem aut tempora.',5,'1984-09-20 18:45:35',76,190),(77,'Voluptas nulla consequatur debitis.',3,'1991-04-11 21:16:28',42,102),(78,'Quisquam eaque aut nam consectetur sed occaecati nisi.',4,'1978-02-21 12:51:06',13,142),(79,'Optio et recusandae voluptatem et aut enim iusto rerum.',1,'1976-02-20 14:54:47',100,205),(80,'Sapiente voluptatibus voluptas praesentium repellendus et nisi est fugit.',3,'1984-11-08 05:17:11',51,220),(81,'A asperiores error enim corporis veniam libero.',3,'2010-03-03 07:36:22',54,78),(82,'Pariatur exercitationem voluptas dolores assumenda.',2,'1972-01-10 21:07:03',36,71),(83,'Doloribus quo minus sed sunt qui.',5,'1988-12-12 20:46:39',31,23),(84,'Ad sint ut occaecati eos veniam eos deleniti in.',5,'1976-12-22 18:40:20',8,82),(85,'Ex rem distinctio est reprehenderit est quos veritatis.',1,'1972-06-30 00:57:01',42,29),(86,'Fugiat nesciunt neque quia porro possimus.',2,'1970-02-19 19:19:31',91,4),(87,'Sunt tempore ducimus nostrum.',1,'2018-06-19 20:38:08',28,247),(88,'Aut omnis consequatur esse consequatur dolores nulla et.',4,'1980-01-19 19:19:28',75,42),(89,'Eius eum id repellendus impedit.',5,'1975-08-22 00:56:31',82,218),(90,'Amet fuga ea illum sit.',5,'2008-02-26 11:23:59',74,259),(91,'Enim totam explicabo est velit numquam accusantium laudantium.',1,'2002-03-23 10:47:16',59,147),(92,'Optio doloremque a numquam occaecati similique quidem.',2,'1996-03-08 18:11:03',50,299),(93,'Iure mollitia maiores odit nemo et consequatur.',4,'1971-06-01 05:20:51',83,188),(94,'Sint minus in nobis error.',5,'1974-07-22 03:14:26',47,247),(95,'Ipsam placeat non nostrum corporis laborum et saepe.',4,'1981-04-11 01:41:34',31,291),(96,'Deserunt accusantium nam doloribus saepe.',4,'2005-01-13 11:01:53',56,253),(97,'In voluptate est vero quis voluptatum doloribus.',4,'1980-05-16 03:14:20',23,273),(98,'Soluta sit quia enim aut consequatur aspernatur expedita.',2,'2007-05-10 19:29:38',8,161),(99,'Rerum nobis corrupti labore explicabo aliquam ut rerum.',4,'1977-02-01 07:37:11',99,48),(100,'Alias ab sed et et officiis.',5,'2011-07-27 02:21:34',81,121),(101,'Hic aut veniam sed nulla voluptatem officiis.',5,'1987-11-15 19:25:04',26,215),(102,'Sed in itaque neque sapiente fugit qui eos.',1,'2013-06-27 04:08:57',42,158),(103,'Quis sequi at molestiae culpa blanditiis qui qui.',5,'1995-12-04 07:21:03',54,48),(104,'Sit possimus repellat quo sed esse dolor magnam.',4,'1991-03-18 13:11:43',67,104),(105,'Eum aut quia unde impedit est.',5,'2017-02-16 00:27:10',89,120),(106,'Eius sunt nulla ipsum sint.',4,'2007-08-07 03:58:02',21,140),(107,'Culpa debitis repellat dolorum.',4,'1992-04-14 16:49:35',89,211),(108,'Ullam porro molestiae earum provident.',3,'1973-03-10 15:45:50',47,215),(109,'Totam ipsam natus ab quam dicta sed quo.',1,'1983-07-04 05:45:43',33,280),(110,'Sint perspiciatis voluptas et aut.',5,'2017-05-18 09:34:59',54,190),(111,'Quod tempore ut impedit iusto.',5,'1985-02-09 16:17:16',90,27),(112,'Est eius dolorum et architecto.',1,'1987-11-29 04:08:37',48,38),(113,'Corporis vel expedita et.',4,'1984-06-30 04:21:07',100,166),(114,'Debitis hic voluptas autem consequatur.',3,'2009-06-30 05:24:23',67,295),(115,'Aperiam excepturi officia debitis architecto et a et.',5,'2000-11-20 18:28:23',72,141),(116,'Aut cum nisi vero voluptatibus rerum est veniam.',2,'1979-05-13 03:54:24',39,290),(117,'Quas atque in beatae tenetur ex deleniti.',5,'1993-06-27 01:37:08',19,240),(118,'Qui pariatur rem blanditiis necessitatibus quasi qui.',2,'1991-08-26 14:05:23',49,215),(119,'Maxime dolor ea aut eum cumque harum.',4,'2009-04-05 17:23:02',96,46),(120,'Nisi eum expedita eum sit ut iste.',1,'1978-08-14 06:34:48',7,251),(121,'Minus sit sit et aut vel tenetur reiciendis et.',2,'2003-11-26 18:39:33',56,81),(122,'Ut molestiae blanditiis vitae saepe adipisci repudiandae repellendus itaque.',2,'2020-12-20 08:55:45',31,133),(123,'Repellendus explicabo vel incidunt incidunt.',3,'2020-10-02 14:55:41',98,229),(124,'Dolores sunt sequi dolor odit libero sunt vel.',4,'1980-12-08 22:59:11',16,90),(125,'Molestias quo quae porro illo quo.',4,'1995-01-11 20:03:54',70,208),(126,'Quo animi doloremque harum temporibus.',5,'1996-09-16 00:20:01',94,178),(127,'Qui recusandae neque ratione consequatur et ab dolor.',3,'1996-12-07 15:06:44',79,123),(128,'Sunt minus necessitatibus ipsa quasi.',5,'2002-09-15 19:17:38',72,234),(129,'Exercitationem consequatur sit fugit velit et voluptatem.',2,'1971-11-29 18:11:51',96,114),(130,'Eaque commodi consectetur dolore ut illum.',5,'1980-04-15 08:26:52',76,202),(131,'Iure iure voluptate quaerat amet omnis quam.',2,'1996-01-05 10:56:35',85,43),(132,'Ratione ad ab in voluptatem cumque quaerat corrupti.',3,'2008-04-13 14:53:45',64,8),(133,'Omnis reprehenderit sit autem ipsum illo.',5,'1988-03-13 07:04:58',95,38),(134,'Facilis corporis ut et sed.',3,'2010-08-01 10:12:06',75,269),(135,'Officia nihil aliquam voluptatum saepe et accusamus odio.',4,'2012-01-19 01:42:20',28,241),(136,'Qui sequi rem molestiae accusantium sit fuga tenetur earum.',3,'1989-07-07 15:06:38',73,249),(137,'Laboriosam sunt dolorem voluptate omnis aut cum.',3,'2021-02-02 16:22:38',7,10),(138,'Odit accusantium natus molestiae pariatur esse.',5,'2004-05-14 11:26:12',27,13),(139,'Quidem laboriosam magnam iure illo tempore eaque vero dicta.',2,'2008-12-29 12:17:24',80,127),(140,'Consequatur repellat labore molestias ullam suscipit est exercitationem velit.',5,'1988-06-17 10:32:58',34,146),(141,'Nulla nam nulla sit maiores quas at.',3,'1981-06-03 23:48:53',12,82),(142,'Sit sunt delectus delectus omnis atque rem et.',1,'2012-07-26 15:09:45',8,269),(143,'Esse perspiciatis excepturi sapiente optio.',1,'2002-10-08 05:16:31',68,239),(144,'Voluptatem unde dolor et et.',2,'2019-05-27 09:15:43',68,192),(145,'Quisquam quasi provident numquam.',1,'2016-05-17 04:51:30',18,131),(146,'Voluptatum ut et sequi adipisci illum omnis corrupti.',1,'1970-05-08 09:21:36',31,5),(147,'Et tenetur molestias et et dolores excepturi quo.',3,'2009-11-16 19:14:57',58,283),(148,'Fugit qui asperiores consequatur ex eum autem voluptas.',4,'1984-04-17 10:37:26',5,156),(149,'Aliquid sed fuga ut dolores.',3,'1989-11-05 02:49:54',7,235),(150,'Fugit minus molestias quia aut dolores.',3,'2019-07-27 03:11:03',42,103),(151,'Possimus impedit aut voluptatem libero dignissimos.',5,'2019-10-11 16:54:52',59,43),(152,'Cum fugiat facere vitae quidem facere et voluptate nihil.',4,'2006-09-12 22:20:53',18,197),(153,'Et reprehenderit saepe vel corrupti officia excepturi dolorem veniam.',4,'2012-03-16 01:39:23',18,132),(154,'Ut est optio qui itaque rerum unde.',4,'2001-07-25 09:22:35',70,289),(155,'Aspernatur dolore iusto sapiente nemo nam optio rerum beatae.',1,'1981-12-27 08:31:30',87,11),(156,'Et repudiandae cumque at culpa esse delectus repellendus ullam.',1,'1983-08-09 05:02:11',45,293),(157,'Dolorem unde est repellat aliquid qui sequi qui.',3,'1993-09-10 01:27:59',31,158),(158,'Provident et necessitatibus sed perspiciatis ea sunt ab.',4,'2011-07-30 14:46:40',88,296),(159,'Ut incidunt qui quia perferendis tempora sit quisquam.',3,'1987-07-19 01:48:38',32,165),(160,'Commodi molestias adipisci rerum.',3,'2001-10-12 11:26:34',63,147),(161,'Tempore sunt autem pariatur voluptate molestiae ut qui quis.',4,'2013-08-04 12:19:05',99,280),(162,'Architecto sunt ex corrupti minima quia porro et sequi.',1,'1987-11-20 19:34:07',51,168),(163,'In voluptatum maiores molestias et.',5,'1996-10-19 12:01:37',88,164),(164,'Officiis reiciendis libero dolore sapiente sint.',4,'2014-11-20 13:47:12',8,283),(165,'Omnis ab alias eum odit.',5,'2007-06-17 09:07:23',33,147),(166,'Ex vel officia architecto quos quae omnis.',1,'1984-10-21 03:58:28',29,274),(167,'Commodi sit modi quia nesciunt et.',1,'1971-03-01 01:17:40',63,136),(168,'Similique qui aliquam eos repellendus.',4,'1983-03-23 05:30:08',57,240),(169,'Reprehenderit nulla possimus qui officiis.',4,'1983-07-19 17:46:33',90,78),(170,'Iusto saepe nisi dignissimos laudantium saepe eos aperiam.',1,'2017-10-10 19:26:14',77,226),(171,'Et consequatur at quasi sint odit magnam molestiae exercitationem.',5,'1984-06-23 06:40:29',30,63),(172,'Et voluptatem accusantium et nemo qui.',1,'1984-02-01 16:22:28',73,180),(173,'At quidem nostrum aliquid dolor.',3,'2000-03-26 00:37:38',74,181),(174,'Voluptatem optio qui rerum ut.',5,'1982-07-03 22:31:34',59,16),(175,'Neque ut provident iure velit vitae.',4,'1997-10-22 22:33:33',15,62),(176,'Quisquam numquam qui rem officiis soluta voluptatem aut.',2,'1976-05-12 20:51:30',54,39),(177,'Rerum aut eum voluptas quaerat ratione numquam voluptatem qui.',2,'1980-04-10 04:56:12',14,13),(178,'Rerum commodi debitis minus porro nam ullam reiciendis.',1,'1989-06-01 06:46:09',69,4),(179,'Occaecati ut vitae et ut atque ut repellendus perferendis.',3,'2020-04-30 21:36:55',59,229),(180,'Voluptatem necessitatibus est voluptatibus tenetur delectus.',5,'2018-01-27 12:08:31',96,275),(181,'Cum et reiciendis unde eum veritatis ex.',1,'1981-05-22 08:47:54',25,71),(182,'Dolorem consequuntur distinctio et dolor temporibus doloremque temporibus.',1,'1983-10-19 06:07:39',83,264),(183,'Natus esse veritatis eos repellat.',3,'1990-01-07 18:32:06',69,117),(184,'Et aut dignissimos nostrum ducimus ratione.',5,'2008-10-12 01:36:50',68,174),(185,'Veritatis sed et aut ea vel atque.',1,'2020-03-23 13:20:58',65,132),(186,'Esse doloremque qui veritatis nemo consectetur voluptatem.',4,'1992-10-28 04:56:47',33,283),(187,'Earum voluptatem maiores vel ea nam eum.',5,'2014-04-21 13:21:18',65,18),(188,'Quisquam eos ipsum iure quia.',5,'1995-01-31 06:28:56',55,115),(189,'Aspernatur repellendus aut maiores ad velit et.',5,'1974-02-14 22:09:00',67,38),(190,'Non ut vel alias autem velit.',2,'1989-01-27 05:06:50',44,243),(191,'Vitae et aut ipsam est.',4,'1993-01-16 02:32:10',34,292),(192,'Est eos est saepe est vel quo.',5,'1985-12-21 10:47:35',94,141),(193,'Consequatur voluptatibus rerum qui cupiditate est sed ullam.',5,'1978-12-11 16:06:04',2,188),(194,'Nobis autem et repellendus.',2,'1977-01-22 10:30:19',48,181),(195,'Libero necessitatibus est optio mollitia quia error.',5,'2011-05-11 14:04:55',39,130),(196,'Ipsa labore veritatis vel voluptate maiores.',4,'1992-01-29 19:08:53',52,192),(197,'Aut quasi ut eos et rerum.',4,'1984-04-14 13:11:27',67,102),(198,'Consectetur vel et at et ut sed doloremque neque.',4,'2002-09-24 23:42:32',52,106),(199,'Aperiam dolor qui iste et.',5,'1978-12-19 11:22:54',73,57),(200,'In qui dolor a error quasi aliquid.',3,'1984-06-21 13:04:27',93,114),(201,'Corporis consequatur rerum facere quae eligendi praesentium iste dignissimos.',3,'2009-06-07 19:56:19',63,78),(202,'Nihil earum expedita beatae totam qui eaque.',5,'1994-11-01 19:50:41',33,83),(203,'Nemo numquam eum voluptatem modi temporibus quam.',5,'1983-06-16 14:01:49',32,259),(204,'Veritatis id hic voluptatem voluptatem magnam enim.',3,'2005-03-30 05:38:28',66,293),(205,'Quam totam possimus aliquid quas ab ut.',2,'1986-05-07 14:22:08',99,27),(206,'Totam repudiandae natus molestiae iusto optio.',5,'1990-04-26 23:00:06',79,97),(207,'Sunt quisquam ut aspernatur a aut provident.',3,'2020-09-13 04:44:23',6,217),(208,'Est est id labore dolorem vel minus.',3,'1970-10-02 21:46:27',80,22),(209,'Itaque aut sit illo assumenda voluptate.',3,'2016-08-31 16:55:27',35,82),(210,'Veritatis fuga aut dolor eligendi.',3,'1994-06-21 08:22:08',68,221),(211,'Id non possimus et dolorem voluptatibus.',5,'2003-11-10 03:04:38',71,57),(212,'Quidem voluptas minus ut.',4,'1996-03-13 04:35:45',38,110),(213,'Aliquid error unde numquam odio cum ad iure.',4,'1970-01-25 03:54:22',53,266),(214,'Optio fugit vitae quisquam iusto velit tempora a.',2,'1989-07-14 07:15:41',72,77),(215,'Quis libero unde libero expedita quia.',1,'2018-07-11 08:36:07',8,194),(216,'Quo doloribus et quia voluptatem corrupti voluptas.',1,'2005-02-26 16:43:10',64,211),(217,'Repellat mollitia ratione quia nihil.',2,'2015-07-31 13:30:39',91,286),(218,'Natus vero veritatis consequatur et nisi quas.',4,'2004-07-11 00:27:24',98,66),(219,'Numquam tenetur sint iure doloremque perferendis ratione autem.',5,'1995-08-12 16:44:18',82,190),(220,'Odio sint nulla nulla.',4,'1972-04-04 21:42:51',20,241),(221,'Exercitationem fugit inventore vitae ab vitae.',3,'1982-01-22 22:57:47',72,294),(222,'Quibusdam officia error placeat nulla placeat dolore et molestias.',3,'2009-08-09 02:43:01',13,234),(223,'Soluta earum odio molestias facere.',4,'2012-07-22 03:48:55',71,275),(224,'Et rem dicta voluptas fuga.',4,'1982-01-16 03:44:39',86,15),(225,'Ut distinctio porro dolorum ducimus.',4,'2013-06-13 10:53:37',19,158),(226,'Quam consequatur nulla ratione est.',2,'2003-12-13 14:35:36',79,266),(227,'Modi debitis harum ipsum rem suscipit consequuntur.',4,'1984-03-26 05:34:22',72,47),(228,'Aut officiis ullam doloremque error in quia recusandae.',3,'2004-12-31 05:58:33',26,72),(229,'Dicta praesentium nostrum sit numquam.',2,'1974-05-10 04:11:23',5,291),(230,'Et fugiat repellendus laboriosam veritatis et deleniti accusamus.',2,'2005-01-29 07:56:02',50,35),(231,'Iure molestiae aspernatur accusamus nostrum voluptatem rerum numquam.',2,'2000-11-03 08:23:38',62,38),(232,'Molestiae perspiciatis quas mollitia nulla est et.',2,'2012-05-07 08:05:31',82,154),(233,'Sapiente iusto occaecati vel recusandae est vel.',5,'1993-07-16 05:28:09',8,239),(234,'Eos ea commodi voluptatum ut vero.',1,'2003-11-06 19:29:44',73,267),(235,'Ducimus omnis ea ullam et nisi quam.',3,'1987-06-06 08:58:42',43,277),(236,'Totam sunt corrupti quia commodi neque est.',4,'1994-04-09 14:50:55',70,45),(237,'Porro accusantium vero quaerat consequatur.',5,'1979-08-20 16:52:12',91,246),(238,'Neque doloribus consequatur ad nemo maiores.',5,'1991-09-30 20:03:50',93,181),(239,'Minima voluptatem qui esse iste quaerat quia voluptatem.',1,'2010-01-31 20:06:49',74,234),(240,'Id voluptas repellat ratione explicabo.',5,'1970-08-07 03:47:13',66,276),(241,'Distinctio id id id vitae.',1,'1995-11-25 18:06:44',31,131),(242,'Magni quis consequuntur architecto.',5,'1983-03-14 01:27:38',81,5),(243,'Dolores sed earum accusantium placeat.',5,'2009-09-18 16:08:27',59,17),(244,'Reprehenderit quos dolorem omnis non quo consequuntur.',3,'2006-02-09 15:39:36',26,189),(245,'Facilis et autem inventore ut sed nisi quod maxime.',5,'2015-02-24 01:51:14',3,224),(246,'Fuga magni aliquam eos voluptatum ab sed.',2,'2012-03-01 00:11:01',75,190),(247,'Sed iusto harum quo.',1,'2018-12-04 05:21:33',87,169),(248,'Quo totam eos cum error aut.',1,'1997-12-16 20:51:50',15,284),(249,'Velit esse quo quisquam impedit consequatur perferendis.',3,'1987-03-22 08:15:48',36,262),(250,'Voluptas non nihil aut minima illo hic sint iusto.',3,'1978-05-04 14:09:14',84,237),(251,'Nihil ut et excepturi rem sit fuga.',4,'1983-03-15 10:48:13',80,158),(252,'Ullam sed cumque sit odio quibusdam.',5,'2011-11-04 03:01:53',94,210),(253,'Quis dolorem expedita laudantium incidunt.',3,'2004-03-06 08:46:18',35,260),(254,'Voluptate et voluptate eveniet officiis inventore cumque.',3,'2001-07-16 02:04:01',31,23),(255,'Laborum ut accusamus et iste harum.',5,'1976-06-28 11:38:47',65,286),(256,'Ut aut incidunt voluptatum culpa eos totam officia.',1,'2011-10-24 09:34:52',100,283),(257,'Quidem sed in quia qui sit voluptatem sint deserunt.',3,'1980-09-13 19:45:16',39,239),(258,'Suscipit ullam pariatur nobis quod.',4,'1975-02-28 10:53:13',96,292),(259,'In exercitationem dolor sint rerum culpa.',1,'1972-08-02 15:55:42',85,63),(260,'Maxime quia dolorum unde dolorum dolorem libero praesentium.',1,'1972-10-03 23:06:49',61,262),(261,'Iure ipsum eaque exercitationem quis mollitia harum.',2,'2013-01-29 05:30:33',96,104),(262,'Quae sunt ab id.',1,'1995-05-05 21:54:45',51,247),(263,'Rerum inventore magnam officiis corrupti et sed.',5,'1982-03-30 21:24:30',91,195),(264,'Nihil aliquam quos omnis et.',4,'2009-07-14 01:57:12',77,81),(265,'Aliquam exercitationem molestias id enim qui saepe hic.',1,'2002-09-04 00:09:03',53,180),(266,'Nam nisi ea distinctio architecto ut quibusdam laudantium.',4,'2018-10-15 03:40:17',6,95),(267,'Voluptate exercitationem omnis voluptas.',2,'2006-04-30 17:58:50',13,298),(268,'Eaque quis laboriosam sint qui.',5,'2018-05-28 23:27:49',2,140),(269,'Culpa dicta dolores sint ut.',1,'1988-03-06 00:47:24',86,95),(270,'Magnam et optio in.',5,'2006-02-22 15:20:39',54,150),(271,'Praesentium aperiam ipsam non sit fugiat aperiam suscipit incidunt.',1,'1979-08-05 19:17:46',27,159),(272,'Modi velit ea nostrum a aliquam corrupti.',4,'1995-10-11 10:00:02',44,196),(273,'Sequi aut porro sit qui tenetur vitae.',5,'2007-06-08 10:23:43',33,119),(274,'Et sit consequatur cumque qui architecto commodi.',5,'1996-06-18 20:18:03',63,52),(275,'Architecto officiis ut culpa modi tempore.',1,'2008-05-10 19:01:03',61,68),(276,'Tempore qui laudantium dolores.',1,'2008-07-13 09:19:17',5,167),(277,'Rerum quo unde voluptate iusto distinctio.',1,'2018-01-25 16:47:26',57,164),(278,'Perferendis quia dicta pariatur velit.',4,'2009-01-27 04:27:33',38,144),(279,'Est laboriosam nobis deleniti reiciendis culpa.',3,'2010-06-05 20:27:04',20,43),(280,'Autem aliquid autem explicabo voluptas.',5,'1993-07-03 14:17:16',75,214),(281,'Animi numquam assumenda quam magnam delectus ut maiores.',2,'2018-11-03 11:39:13',74,240),(282,'Ipsa omnis occaecati omnis aut atque.',1,'1992-05-04 03:18:14',3,259),(283,'Eligendi quae est voluptatibus amet placeat voluptates.',1,'1985-08-06 14:35:38',80,13),(284,'Atque ut et perferendis dolores incidunt pariatur.',5,'1996-06-16 14:42:04',33,195),(285,'Id facilis quidem libero quo aut in.',1,'1992-09-03 21:19:26',36,260),(286,'Quia molestiae sed placeat laboriosam.',3,'1985-11-14 12:22:38',15,188),(287,'Aliquam alias qui iure quia recusandae reprehenderit.',4,'1975-10-08 02:54:40',40,176),(288,'Est fuga laboriosam maiores ut fugiat.',4,'1975-12-11 01:38:12',28,216),(289,'Corporis magni sed sunt pariatur sunt consequatur fugit.',5,'2009-08-19 03:18:26',98,270),(290,'Autem enim id voluptatem.',1,'2000-12-19 18:01:59',89,175),(291,'Tenetur rerum eius soluta eveniet reprehenderit excepturi.',1,'1978-04-12 19:05:12',13,280),(292,'Aut excepturi nihil id ullam sequi iste a.',1,'1990-10-31 01:19:00',14,209),(293,'Explicabo et fugit eaque voluptatibus qui omnis.',5,'1995-02-03 10:42:48',48,155),(294,'Consequatur asperiores deserunt dolor qui expedita et dicta.',3,'2008-11-09 09:53:48',18,201),(295,'Dolorem et amet accusantium velit inventore est adipisci necessitatibus.',5,'2016-02-23 03:22:36',66,275),(296,'Est ducimus voluptate ratione et sed consequatur.',5,'2013-03-01 11:48:42',38,119),(297,'Eaque dolorem dolores molestiae neque magnam doloribus.',3,'1983-12-04 09:55:58',72,123),(298,'Vel vel qui cum repellendus aut.',1,'2018-03-04 16:51:33',26,153),(299,'Consequuntur fugit sint tempora commodi et assumenda illo occaecati.',2,'1979-06-26 09:45:10',45,175),(300,'Et illum est aut in necessitatibus.',5,'2005-07-14 00:53:53',16,243),(301,'Unde eius possimus repellendus est sunt.',4,'1973-02-05 18:56:56',45,90),(302,'Rem et occaecati eos mollitia.',1,'2008-07-15 11:46:56',44,253),(303,'Fugiat et voluptatum quia enim sint eveniet.',5,'1974-04-12 03:52:37',89,212),(304,'Quaerat nemo natus praesentium qui reprehenderit.',1,'2015-04-15 20:14:28',56,259),(305,'Voluptas ut occaecati occaecati eos inventore et et cumque.',1,'1975-01-27 00:32:09',61,135),(306,'Impedit animi vel ad fugit architecto labore reiciendis omnis.',4,'2015-10-27 03:07:06',45,219),(307,'Asperiores ut et incidunt quas hic aut.',5,'1985-05-27 23:31:58',38,175),(308,'Numquam reprehenderit natus qui.',3,'2010-10-27 05:35:46',43,257),(309,'Ut ut enim eveniet omnis.',2,'1985-11-23 01:08:49',10,179),(310,'Voluptas est error voluptatem autem deserunt impedit.',5,'1977-06-07 19:06:14',53,225),(311,'Dolorum quis ad vitae suscipit reiciendis facere et.',1,'1978-10-04 07:58:02',52,270),(312,'Magnam optio libero laudantium exercitationem officia et.',5,'2002-01-31 15:11:32',15,68),(313,'Sed eum deleniti dolore mollitia modi vel.',3,'2016-03-17 16:17:28',31,120),(314,'Dolorum omnis beatae minima atque nostrum.',4,'1993-08-09 00:16:29',74,227),(315,'Tempore dolorum consectetur similique neque quia quia molestiae error.',2,'2018-04-18 14:59:05',98,266),(316,'Cumque est eveniet adipisci nemo provident voluptatem dolores sunt.',4,'1972-01-16 14:16:56',57,128),(317,'Sint possimus cupiditate dolores consequatur esse.',3,'1985-06-10 01:15:58',19,299),(318,'Velit doloribus vel amet explicabo iste ipsum qui.',2,'2001-05-10 14:58:27',27,20),(319,'Eos aut porro asperiores totam dolore reprehenderit voluptatem.',2,'1989-04-04 03:18:56',71,248),(320,'Ea reiciendis sed qui eum molestias.',5,'2003-08-15 14:43:29',93,92),(321,'Voluptatem voluptatem unde similique eaque rem dolor qui aut.',2,'1972-09-24 12:16:38',28,111),(322,'Est a atque mollitia necessitatibus a quo sed.',5,'1992-05-08 06:26:11',4,196),(323,'Delectus nostrum ut voluptatum qui nobis.',1,'2000-09-28 21:37:31',95,138),(324,'Sit nemo in qui quaerat fugit similique iusto.',3,'1994-07-05 16:00:43',51,14),(325,'Mollitia fuga rerum dolor.',2,'1979-12-08 06:37:18',6,8),(326,'Repellendus id corporis veritatis.',3,'1992-03-03 04:38:14',80,170),(327,'Consequuntur assumenda consectetur saepe dolore.',2,'2007-06-13 04:40:58',93,282),(328,'Quia occaecati minima vel voluptatibus necessitatibus optio.',5,'2002-12-21 14:27:10',79,70),(329,'Ratione inventore sequi voluptas dolore debitis nulla.',3,'1971-03-01 16:56:25',34,157),(330,'Ullam id exercitationem iusto asperiores.',4,'1982-04-24 10:58:11',99,95),(331,'Veniam repudiandae quasi officiis dolorem.',1,'1989-10-22 21:56:20',41,166),(332,'Tenetur ducimus expedita eum non.',1,'2005-11-08 00:32:22',75,179),(333,'Deleniti voluptas in sed sit quia.',1,'1999-06-04 16:26:22',55,3),(334,'Ut velit rerum aut accusantium vitae assumenda.',4,'2018-10-04 12:26:41',67,75),(335,'Et eius iste aut et.',1,'1996-02-28 07:30:41',84,177),(336,'Fugit a omnis placeat eum repellendus.',4,'1991-02-04 01:36:48',56,33),(337,'Provident facere atque non cupiditate id reprehenderit sed facilis.',3,'1981-08-05 05:03:18',96,177),(338,'Eveniet in aut aut in ratione sed.',4,'1978-06-15 12:34:30',76,273),(339,'Itaque modi ullam velit nam quibusdam animi reprehenderit.',5,'2014-05-08 20:47:51',5,80),(340,'Iste quia eius suscipit ducimus quaerat ex id consectetur.',3,'1988-03-26 18:26:34',96,31),(341,'Occaecati inventore doloremque qui corporis accusamus.',2,'1991-04-28 10:54:14',30,224),(342,'Beatae non voluptas voluptas quis architecto.',4,'1986-07-08 21:31:06',67,65),(343,'Cumque sequi aut quisquam animi deserunt ea.',2,'2015-01-12 01:24:43',69,137),(344,'Eaque fugiat odio atque aut commodi soluta autem aut.',2,'1994-07-14 16:07:32',45,6),(345,'Est aspernatur officiis ducimus voluptas qui.',1,'1995-06-25 08:25:52',98,131),(346,'Aliquid omnis ut nam eum et voluptatum.',3,'2018-07-06 23:42:08',34,117),(347,'Asperiores voluptatem culpa ipsum corrupti cumque quidem nemo.',2,'1986-12-04 10:57:19',99,23),(348,'Aspernatur tempora consequuntur quo repellendus est culpa architecto.',5,'1987-07-09 03:27:08',99,161),(349,'Eos ea dolore laudantium et et voluptas.',5,'1996-12-05 23:07:09',9,193),(350,'Ipsam et labore vero fugit voluptatibus.',1,'1980-10-02 20:39:56',79,276),(351,'Laborum saepe illo reprehenderit omnis deserunt corrupti.',2,'1998-09-06 21:14:13',23,102),(352,'Occaecati dignissimos nisi eum dolores ut.',4,'2003-07-01 12:18:11',3,56),(353,'Qui et ducimus repellat dolorem.',2,'1990-01-13 16:21:08',93,235),(354,'Non esse ex reprehenderit vel dicta ut debitis a.',3,'2018-07-02 22:34:50',10,294),(355,'Eius magnam quaerat modi at aliquam et iste.',2,'1988-03-03 07:46:43',5,13),(356,'Tempora consequuntur soluta laudantium qui dolor dolorem reiciendis similique.',5,'1998-05-28 18:28:45',8,102),(357,'Odit tempore maiores assumenda eligendi ut pariatur quo.',2,'2003-04-08 18:46:55',79,224),(358,'Consequuntur deleniti nisi ut ut qui quisquam.',1,'2020-07-09 09:17:32',56,141),(359,'Ut qui unde ut dolor at ipsum.',5,'2001-12-29 09:36:11',21,1),(360,'Consectetur repellat laborum officia non maxime.',3,'2014-06-01 03:04:50',49,54),(361,'Qui minima enim incidunt.',4,'1996-03-09 15:06:21',44,247),(362,'Aut vel dicta magnam enim minima.',4,'1996-01-04 22:13:07',57,128),(363,'Enim eius rem delectus quisquam omnis atque quis mollitia.',1,'1990-03-25 06:59:15',90,165),(364,'In et blanditiis aut aut minus est distinctio.',4,'1974-01-30 14:16:43',97,294),(365,'Natus dicta occaecati nostrum autem rerum ea ipsa.',3,'1991-02-20 07:58:58',19,224),(366,'Dolor ipsa aut sunt accusantium explicabo est quas.',4,'2011-07-06 03:45:48',90,125),(367,'Corporis magnam reprehenderit debitis nisi.',4,'1977-06-04 07:12:49',9,276),(368,'Voluptatem similique excepturi deleniti error qui.',3,'2017-03-11 15:47:20',61,5),(369,'Est sequi consequuntur non doloribus impedit.',5,'1976-03-16 12:30:29',71,208),(370,'Nihil incidunt et eos voluptatem occaecati.',5,'1990-06-18 18:49:10',100,225),(371,'Nemo eum sapiente molestias deserunt nihil nam.',5,'1990-07-14 07:34:23',74,22),(372,'Praesentium qui et aut quae consequatur quasi.',3,'2002-10-05 11:54:55',9,158),(373,'Omnis ut libero sed omnis rerum.',5,'1970-01-10 09:58:33',82,192),(374,'Fugit explicabo voluptas et ut nihil fugiat illum.',1,'1991-08-08 10:33:56',100,6),(375,'Sunt aut officiis voluptas officiis numquam ut voluptas.',2,'1974-03-03 02:08:20',64,145),(376,'Odio qui impedit qui dolore voluptatem mollitia et laboriosam.',2,'2004-04-11 11:56:54',20,23),(377,'Voluptates sapiente sunt atque est ut est non molestias.',1,'1982-04-24 10:56:02',31,230),(378,'Magni quis sunt earum quas ratione alias.',5,'1976-12-06 12:03:36',51,59),(379,'Voluptates vero nisi officiis aut nobis.',3,'2016-09-10 22:11:51',32,139),(380,'Excepturi cum dolorem ullam maiores id.',3,'1985-09-20 10:14:04',18,150),(381,'Officia qui sapiente deleniti modi est.',2,'1982-03-28 12:49:31',21,21),(382,'Nemo qui consectetur incidunt dolor omnis enim.',4,'2004-03-17 21:45:20',92,89),(383,'Quo non quis totam voluptatum facilis porro.',2,'2020-11-06 06:42:32',99,155),(384,'Et voluptate rem qui eos.',1,'2000-07-22 09:42:26',31,207),(385,'Quam qui quisquam laboriosam veniam unde omnis sunt.',5,'1978-05-07 21:24:35',21,90),(386,'Dolorem commodi molestiae repudiandae possimus itaque sapiente ipsam.',5,'1971-03-16 22:43:14',44,283),(387,'Sed esse eveniet rerum sed.',1,'1985-04-21 18:19:10',38,157),(388,'Sed at aut rem ut nam incidunt.',5,'1990-09-13 12:35:42',47,56),(389,'Ad rerum quam ab est repellat.',5,'1977-01-05 02:00:38',16,138),(390,'Illum dignissimos qui et odio quia autem minus.',3,'2016-06-18 17:09:52',21,240),(391,'Aliquam quaerat ipsum quaerat velit quae neque maxime qui.',4,'2006-08-27 19:49:30',94,121),(392,'Voluptatem ab quas eum non ad distinctio doloribus.',3,'1985-11-27 23:29:39',88,72),(393,'Amet vitae est nam voluptas et aperiam necessitatibus officia.',4,'2003-01-02 02:06:17',17,113),(394,'Dolorem amet saepe et dignissimos voluptatem ut.',4,'1980-04-09 15:43:41',44,143),(395,'Et libero qui quo sint vel.',2,'1986-11-17 02:02:20',84,183),(396,'Deleniti soluta est dolorem ullam.',1,'1991-07-09 14:39:28',98,14),(397,'Sunt quod hic ea.',3,'2015-01-16 10:29:19',68,267),(398,'Rerum suscipit similique consequatur aliquam non magnam suscipit.',2,'1990-07-02 19:36:03',35,200),(399,'Explicabo veritatis quibusdam modi sed ut a quisquam.',3,'1994-11-28 22:56:34',41,195),(400,'Dicta ut vel tempore eum suscipit beatae totam.',2,'1975-06-10 23:40:55',36,183);
/*!40000 ALTER TABLE `reviews` ENABLE KEYS */;
UNLOCK TABLES;

--
-- Table structure for table `sellers`
--

DROP TABLE IF EXISTS `sellers`;
/*!40101 SET @saved_cs_client     = @@character_set_client */;
/*!40101 SET character_set_client = utf8 */;
CREATE TABLE `sellers` (
  `id` int(11) NOT NULL AUTO_INCREMENT,
  `name` varchar(45) COLLATE utf8mb4_unicode_ci NOT NULL,
  PRIMARY KEY (`id`)
) ENGINE=InnoDB AUTO_INCREMENT=41 DEFAULT CHARSET=utf8mb4 COLLATE=utf8mb4_unicode_ci;
/*!40101 SET character_set_client = @saved_cs_client */;

--
-- Dumping data for table `sellers`
--

LOCK TABLES `sellers` WRITE;
/*!40000 ALTER TABLE `sellers` DISABLE KEYS */;
INSERT INTO `sellers` VALUES (1,'sint'),(2,'aut'),(3,'eligendi'),(4,'omnis'),(5,'doloremque'),(6,'incidunt'),(7,'voluptatem'),(8,'non'),(9,'sapiente'),(10,'eligendi'),(11,'voluptatibus'),(12,'incidunt'),(13,'aut'),(14,'aut'),(15,'accusamus'),(16,'autem'),(17,'adipisci'),(18,'accusantium'),(19,'dicta'),(20,'deleniti'),(21,'dolorem'),(22,'explicabo'),(23,'quis'),(24,'cum'),(25,'ut'),(26,'est'),(27,'blanditiis'),(28,'temporibus'),(29,'nisi'),(30,'provident'),(31,'qui'),(32,'rerum'),(33,'nostrum'),(34,'exercitationem'),(35,'quos'),(36,'iure'),(37,'nulla'),(38,'sunt'),(39,'molestiae'),(40,'autem');
/*!40000 ALTER TABLE `sellers` ENABLE KEYS */;
UNLOCK TABLES;

--
-- Table structure for table `users`
--

DROP TABLE IF EXISTS `users`;
/*!40101 SET @saved_cs_client     = @@character_set_client */;
/*!40101 SET character_set_client = utf8 */;
CREATE TABLE `users` (
  `id` int(11) NOT NULL AUTO_INCREMENT,
  `firstname` varchar(45) COLLATE utf8mb4_unicode_ci NOT NULL,
  `surname` varchar(45) COLLATE utf8mb4_unicode_ci NOT NULL,
  `phone` bigint(20) NOT NULL,
  `email` varchar(100) COLLATE utf8mb4_unicode_ci NOT NULL,
  `password` varchar(32) COLLATE utf8mb4_unicode_ci NOT NULL,
  PRIMARY KEY (`id`),
  UNIQUE KEY `email_UNIQUE` (`email`),
  UNIQUE KEY `phone_UNIQUE` (`phone`)
) ENGINE=InnoDB AUTO_INCREMENT=101 DEFAULT CHARSET=utf8mb4 COLLATE=utf8mb4_unicode_ci;
/*!40101 SET character_set_client = @saved_cs_client */;

--
-- Dumping data for table `users`
--

LOCK TABLES `users` WRITE;
/*!40000 ALTER TABLE `users` DISABLE KEYS */;
INSERT INTO `users` VALUES (1,'Roslyn','Mraz',79729440927,'wilton.windler@example.net','0ea4d812703cfd276c8082f76fd4e103'),(2,'Raegan','Hauck',79285575371,'zackery40@example.net','c48c5e57b0215921ae281680fb22e2ac'),(3,'Julia','Feeney',79608488333,'humberto48@example.net','48891065ee841fa3cef4d8a035f0176c'),(4,'Jaunita','Mayert',79121614355,'oswaldo43@example.net','e2afe3f6daa6423fb246b4650f4c07c7'),(5,'Howell','Greenholt',79719190893,'nikolaus.brayan@example.net','692d3ec7e522d4432f2ef508f43a7a27'),(6,'Brandon','Turner',79321978698,'mhickle@example.net','b13d086c0f04d824b877992f32cf5820'),(7,'Devin','Wiza',79630808470,'carrie.anderson@example.net','e8a797dd3e10d5dfe68aee61c829b9b4'),(8,'Tessie','Waelchi',79022879866,'icassin@example.org','1dc54dc086bd29733d43f9350be9af50'),(9,'Lincoln','Ritchie',79575356729,'tlang@example.org','e4d7146937cb7502d1e5799dde40fd3b'),(10,'Angelita','Feest',79215027447,'fklocko@example.net','47eff94eceedee2017ef670926df0c3f'),(11,'Herminia','Feest',79902895667,'beryl24@example.org','1aee4fccc2d120afa9a766979d16335d'),(12,'Aimee','Crooks',79886832673,'jpaucek@example.com','e9fec676ec89b2dfd3d83545faeb6e5c'),(13,'Ayana','O\'Hara',79856641949,'telly05@example.org','2ef8e69eb07ad02820b7c662c1a72f4b'),(14,'Emmett','VonRueden',79683956362,'jovan.keebler@example.org','9b6761e3a0ae3df3234e5b46455aff8b'),(15,'Baron','Hegmann',79746313498,'leo.williamson@example.net','a6d06643f8a50493680318de2146017d'),(16,'Lavada','Vandervort',79950940244,'rkoss@example.com','0a66505a1f599530071a8ff651f03067'),(17,'Laury','Green',79317898296,'kenton.carroll@example.org','2e3f2f0b1102fd9a2a4bd4df8eaa011c'),(18,'Dominique','Abernathy',79081729273,'jerald86@example.net','ba030ccfec26518b574e557764029718'),(19,'Hector','Hickle',79932464077,'mollie75@example.com','31c7c3fb77f90bbc6b4f5237d304b2c6'),(20,'Kaci','Terry',79487410829,'dicki.theodora@example.com','af39473c105b02190be93354262fccc0'),(21,'Casimer','Boyle',79999673358,'winfield.mohr@example.com','bcce08401666f64d0fb1f1f2bbc4d1f1'),(22,'Jazmyn','Jones',79880687959,'haley.alisa@example.org','51e59191fe449b080a48e76a0f4513f9'),(23,'Tomasa','Leannon',79736301341,'hermann.maribel@example.org','1db6916e64ed56e4188b2f3dfe1d00f5'),(24,'Lauren','Aufderhar',79611340304,'fay.spinka@example.com','0a33d9eb0c188dc2dc0d92081b38df1f'),(25,'Geoffrey','Wilkinson',79719079111,'gspencer@example.net','8e9e45c7fcab447cad565e3ead72307f'),(26,'Tanner','Schuppe',79185468786,'btillman@example.net','8db6d1483f805e322ac091826d327456'),(27,'Willis','Runte',79137119526,'pdietrich@example.com','e013ee285cc77973a964b1aead8f501c'),(28,'Lottie','Leffler',79238142014,'nellie10@example.org','85f6672de011118efce3605cc3f61b00'),(29,'Floy','Grant',79475433453,'tracey.ritchie@example.org','dabc7adf4b53e4beb49386cf8f32f5e8'),(30,'Kaylie','Ruecker',79895230178,'michael95@example.org','1eaabcd353386b72565f27b730da68f1'),(31,'Rae','Ritchie',79937534234,'virginie25@example.org','16d774e7664b56c8004f068aa7a32f9c'),(32,'Martine','Terry',79601817747,'hirthe.lucienne@example.net','010a3169a9de428156927c9cef44f96d'),(33,'Braden','Dickinson',79597469266,'jacobs.gregoria@example.net','a408c29fc262b91e7c66b4b64d977b2a'),(34,'Carmel','Hessel',79264926604,'shemar.tromp@example.net','bc7657dfc4b23bf48ffa323aa5d7f474'),(35,'Cordia','Kuphal',79556785875,'isadore21@example.net','42caaf96b785a71a8a367d2ae8b877f2'),(36,'Finn','Rutherford',79263080848,'stracke.darrion@example.com','8b208cfabd992abe9ce69bc56f4c5a1d'),(37,'Jillian','Kihn',79920271277,'melyna71@example.com','af8ce135afb6714deff9469d76d84cc5'),(38,'Casper','Williamson',79091542193,'dhauck@example.net','1966be7de6e651d9b823b2fc9f6fdfe6'),(39,'Genevieve','Morissette',79430966793,'estehr@example.org','b177c679c9386aee599c2dd2de0e0e7d'),(40,'Claudie','Frami',79243029110,'altenwerth.cathy@example.org','75096e324c9e0dbfff2e7d667c49d224'),(41,'Kailey','Goodwin',79649930205,'keely.osinski@example.org','b40e018b8d858105d1b08a60e3f1b556'),(42,'Amely','Cremin',79524095223,'graciela33@example.com','f19481e9c2e3d52039d2a1d2d8ac6041'),(43,'Oda','Larson',79744899915,'cschmidt@example.net','44fa38b1bcfa6d01a2843a2d9dfe5ff5'),(44,'Viva','Tillman',79698630911,'janie55@example.com','8970d31b215e15203e3c9341efb46cc3'),(45,'Cayla','Heidenreich',79472156256,'gdaugherty@example.com','f6329d3f29455d422d9924cabdb4412d'),(46,'Dahlia','Conroy',79888194389,'garret.ziemann@example.net','f616cd5b0f5789d2e8e97daf5328269e'),(47,'Modesto','Hegmann',79734828104,'king.kihn@example.net','c095bd15a2591d3663fe05f3eb096712'),(48,'Gaylord','Schulist',79049705588,'bartell.greta@example.net','92a79b4d55978857774bfa1fb7011636'),(49,'Liliane','Batz',79267598779,'rahul.murazik@example.com','2dc8237090da575568af2f506b91c681'),(50,'Issac','Runolfsdottir',79401452308,'bode.alessandro@example.org','7c13b40dfbdd5a223493f11bf051a897'),(51,'Dominique','Koelpin',79411265555,'nziemann@example.com','c969a574361a398c9991457b8e96f5ad'),(52,'Montana','Gaylord',79757764587,'rosie78@example.net','cbf482c5db2c39fa16e21a0614d753fa'),(53,'Ernestine','Nicolas',79054257448,'ycasper@example.org','f3264e685771ff16f9f6a3ee92ca7ec7'),(54,'Isidro','Hilll',79376280696,'kennedy.boehm@example.org','dd4b679144fad56298094f2ee2367d77'),(55,'Herminia','Glover',79137381111,'satterfield.jack@example.com','82de553b4157d142581a3617d2a3b254'),(56,'Kenton','Stehr',79772102972,'bergnaum.jennie@example.org','dcfe18923942a1ff625a5a9f3b3ae1f7'),(57,'Garrison','Reinger',79061399526,'ngerlach@example.net','c19fabf3b23df0f94860e8360a071a2f'),(58,'Napoleon','Schmeler',79522777906,'jones.lucie@example.org','3e61127d0333a043836706b83c6d46b5'),(59,'Tomasa','Hessel',79982472566,'wkuhn@example.org','8f45866b069eedb9e32295d6d1fc8a6f'),(60,'Zoey','Dicki',79087448162,'tressa.grant@example.com','fddcc78a0efa74d438345ef747b40f1d'),(61,'Ole','Bernhard',79650348315,'kgrady@example.com','fa3287097867702096028006500b3c49'),(62,'Peyton','Quigley',79278004966,'mtromp@example.com','36088464c09ac3b60d94493697b82d3f'),(63,'Ubaldo','Balistreri',79694092644,'bonita.d\'amore@example.org','7af8811277b54aa2253761d49e4be3d9'),(64,'Jaleel','Welch',79548735832,'edison.wiegand@example.com','bcfb5bbdc2333a88023be9ec32984139'),(65,'Meta','Reilly',79417798202,'cynthia57@example.com','559c4460cbf21a531c55e883a506e87a'),(66,'Georgiana','Howe',79123485068,'valerie.weber@example.org','b7dd73bbd2d5667f6ea97cefdd57373e'),(67,'Celestine','Kautzer',79194832338,'maribel.brakus@example.org','b1a415a064ccd2263a90204c81098b3a'),(68,'Janessa','Jerde',79795874174,'lshanahan@example.org','f33a00840e530b538e8748a82d70c762'),(69,'Guiseppe','Hammes',79882737488,'bprosacco@example.com','c91bd6713a503acc4c2b554041221b5f'),(70,'Syble','Bode',79258967151,'trinity83@example.com','00f468502338748a5fe298bd4de7d2e2'),(71,'Zander','Parisian',79388355697,'hane.dexter@example.org','035e31c17233718e6990ba9823364940'),(72,'Eliezer','Robel',79651385966,'schroeder.aniya@example.org','bb2b4533d385f0e1eca0b3b60fa4d57c'),(73,'Shaniya','Conn',79653310553,'schroeder.derick@example.com','724970f9312f3beafdcf9658dcece735'),(74,'Emilie','Hickle',79933205078,'vgerlach@example.com','04c35585a48a802c01683488d57b2431'),(75,'Carrie','Rutherford',79464531511,'zgerlach@example.net','d85439eb78fb7084d7313f3948fb9dd6'),(76,'Alisa','Bins',79977810107,'anissa.romaguera@example.net','5446807706db6fc8754455fcb853f408'),(77,'Connie','Spinka',79048571850,'wlarson@example.com','6e3e6fb03e2a0b6790697337392c7191'),(78,'Dahlia','Collier',79130018820,'corkery.brenna@example.org','db56c5f108c608ed60af757b4686c7bd'),(79,'Leila','Buckridge',79077964138,'velda54@example.org','e3d4109bf832f888fb2af1b7987f2cc1'),(80,'Kelly','Block',79747022138,'tobin.wehner@example.org','3deb5ab4fe954000968d043afb066c27'),(81,'Vinnie','Swaniawski',79312510967,'pturner@example.net','b9b85d76203794eac900db0df57a517c'),(82,'Elyse','Blanda',79671955581,'uritchie@example.org','e4c2373a05a945d6b4d8d2202c18a951'),(83,'Daija','Mohr',79039598408,'rolfson.cristian@example.org','a181f27f2a96285d2ce612ba25167b57'),(84,'Gilberto','Dicki',79687107372,'daisha.considine@example.net','b4e1d4da4ffe78ca30d07950901ae962'),(85,'Christian','Kuhic',79048384997,'powlowski.caden@example.net','0cdcf6b98e097aefc102f783b56d29fc'),(86,'Malinda','Vandervort',79604095963,'libby.yost@example.com','e622eba8bf19101302fb02f444f3a9ee'),(87,'Corene','Schimmel',79630667932,'xweissnat@example.com','3e854651c42847dd1be9a27f637f5b29'),(88,'Marlin','Schinner',79415956363,'rodrigo44@example.net','519067126e957f5628117207ea83ce73'),(89,'Deanna','Kihn',79720325801,'ned73@example.org','7e931c2d8fa57784ebfaeb2a78c624a7'),(90,'Kailyn','Dare',79177047136,'dborer@example.net','802db8522d16bf9318c2c5178188b875'),(91,'Astrid','Mayer',79700510703,'evangeline.treutel@example.org','bfd4ee0f595a9457028022db1399dcda'),(92,'Bartholome','Hessel',79675472624,'hbarrows@example.org','3b30d098da9e08bb9150feb196f0b7ca'),(93,'Maci','Tromp',79871771558,'baby.howell@example.org','8161b43706dcf8ca6cfab1778b643cd8'),(94,'Marcia','Turner',79633615857,'ucruickshank@example.net','b871682492ed26f007581cbafcc65cfe'),(95,'Eve','Brakus',79038226559,'royce.stroman@example.org','e30f7afdc68b346e2d753794d5cbf8f0'),(96,'Susie','Mante',79306636475,'hettie.zieme@example.org','31537914a5bad5f714adf04a1fa2b035'),(97,'Myron','Herman',79726376424,'wiley34@example.com','fa6731f2761820ea64f170b68089bbdf'),(98,'Felipa','Weimann',79881928384,'jerde.godfrey@example.org','6b0815a2a17e85487d0009c40a299c4e'),(99,'Claire','Steuber',79037169910,'o\'reilly.orlo@example.com','99bf9ff9fe0cb3e350fcfb398e2c774f'),(100,'Jadon','Jacobi',79970871536,'rebecca70@example.net','13f7811196393a08610ad3481908e261');
/*!40000 ALTER TABLE `users` ENABLE KEYS */;
UNLOCK TABLES;
/*!40103 SET TIME_ZONE=@OLD_TIME_ZONE */;

/*!40101 SET SQL_MODE=@OLD_SQL_MODE */;
/*!40014 SET FOREIGN_KEY_CHECKS=@OLD_FOREIGN_KEY_CHECKS */;
/*!40014 SET UNIQUE_CHECKS=@OLD_UNIQUE_CHECKS */;
/*!40101 SET CHARACTER_SET_CLIENT=@OLD_CHARACTER_SET_CLIENT */;
/*!40101 SET CHARACTER_SET_RESULTS=@OLD_CHARACTER_SET_RESULTS */;
/*!40101 SET COLLATION_CONNECTION=@OLD_COLLATION_CONNECTION */;
/*!40111 SET SQL_NOTES=@OLD_SQL_NOTES */;

-- Dump completed on 2021-02-23 20:44:52
